product_id,datetime,sales_x,xgb_pred,sales_y,lstm_pred
APPLE_1KG,2025-03-15 09:00:00,82,82.135796,82,
APPLE_1KG,2025-03-15 10:00:00,78,82.20471,78,
APPLE_1KG,2025-03-15 11:00:00,80,74.79563,80,
APPLE_1KG,2025-03-15 12:00:00,71,76.4595,71,
APPLE_1KG,2025-03-15 13:00:00,68,62.91618,68,
APPLE_1KG,2025-03-15 14:00:00,70,64.525955,70,
APPLE_1KG,2025-03-15 15:00:00,68,65.10421,68,
APPLE_1KG,2025-03-15 16:00:00,70,71.44749,70,
APPLE_1KG,2025-03-15 17:00:00,61,78.05406,61,
APPLE_1KG,2025-03-15 18:00:00,91,87.48357,91,
APPLE_1KG,2025-03-15 19:00:00,83,97.50257,83,
APPLE_1KG,2025-03-15 20:00:00,91,87.99952,91,
APPLE_1KG,2025-03-15 21:00:00,91,90.625885,91,
APPLE_1KG,2025-03-15 22:00:00,93,87.52053,93,
APPLE_1KG,2025-03-15 23:00:00,88,81.24026,88,
APPLE_1KG,2025-03-16 00:00:00,46,48.409252,46,
APPLE_1KG,2025-03-16 01:00:00,43,55.99522,43,
APPLE_1KG,2025-03-16 02:00:00,56,54.236366,56,
APPLE_1KG,2025-03-16 03:00:00,57,54.102528,57,
APPLE_1KG,2025-03-16 04:00:00,51,64.49662,51,
APPLE_1KG,2025-03-16 05:00:00,66,64.094154,66,
APPLE_1KG,2025-03-16 06:00:00,78,71.67747,78,
APPLE_1KG,2025-03-16 07:00:00,72,79.771484,72,
APPLE_1KG,2025-03-16 08:00:00,78,78.15247,78,
APPLE_1KG,2025-03-16 09:00:00,82,82.47921,82,
APPLE_1KG,2025-03-16 10:00:00,89,89.73191,89,
APPLE_1KG,2025-03-16 11:00:00,88,79.89356,88,
APPLE_1KG,2025-03-16 12:00:00,75,78.9518,75,
APPLE_1KG,2025-03-16 13:00:00,72,73.31582,72,
APPLE_1KG,2025-03-16 14:00:00,85,69.66915,85,
APPLE_1KG,2025-03-16 15:00:00,64,73.71083,64,
APPLE_1KG,2025-03-16 16:00:00,71,73.58553,71,
APPLE_1KG,2025-03-16 17:00:00,88,81.06246,88,
APPLE_1KG,2025-03-16 18:00:00,101,92.78658,101,
APPLE_1KG,2025-03-16 19:00:00,100,99.03328,100,
APPLE_1KG,2025-03-16 20:00:00,112,95.08833,112,
APPLE_1KG,2025-03-16 21:00:00,99,101.20665,99,
APPLE_1KG,2025-03-16 22:00:00,77,90.43463,77,
APPLE_1KG,2025-03-16 23:00:00,82,76.62005,82,
APPLE_1KG,2025-03-17 00:00:00,43,43.033363,43,
APPLE_1KG,2025-03-17 01:00:00,57,49.428577,57,
APPLE_1KG,2025-03-17 02:00:00,56,52.557144,56,
APPLE_1KG,2025-03-17 03:00:00,40,51.948887,40,
APPLE_1KG,2025-03-17 04:00:00,65,53.233814,65,
APPLE_1KG,2025-03-17 05:00:00,67,61.948368,67,
APPLE_1KG,2025-03-17 06:00:00,64,68.551346,64,
APPLE_1KG,2025-03-17 07:00:00,73,68.49038,73,
APPLE_1KG,2025-03-17 08:00:00,87,73.54759,87,
APPLE_1KG,2025-03-17 09:00:00,67,80.35219,67,
APPLE_1KG,2025-03-17 10:00:00,84,77.837715,84,
APPLE_1KG,2025-03-17 11:00:00,82,74.43756,82,
APPLE_1KG,2025-03-17 12:00:00,68,70.41251,68,
APPLE_1KG,2025-03-17 13:00:00,69,71.7205,69,
APPLE_1KG,2025-03-17 14:00:00,63,65.03906,63,
APPLE_1KG,2025-03-17 15:00:00,59,65.08811,59,
APPLE_1KG,2025-03-17 16:00:00,63,67.70623,63,
APPLE_1KG,2025-03-17 17:00:00,81,72.880035,81,
APPLE_1KG,2025-03-17 18:00:00,79,84.756874,79,
APPLE_1KG,2025-03-17 19:00:00,78,90.20165,78,
APPLE_1KG,2025-03-17 20:00:00,92,91.78809,92,
APPLE_1KG,2025-03-17 21:00:00,84,89.83009,84,
APPLE_1KG,2025-03-17 22:00:00,73,80.123436,73,
APPLE_1KG,2025-03-17 23:00:00,75,73.97004,75,
APPLE_1KG,2025-03-18 00:00:00,51,40.672256,51,
APPLE_1KG,2025-03-18 01:00:00,46,42.826,46,
APPLE_1KG,2025-03-18 02:00:00,40,45.58683,40,
APPLE_1KG,2025-03-18 03:00:00,53,54.347145,53,
APPLE_1KG,2025-03-18 04:00:00,60,57.35849,60,
APPLE_1KG,2025-03-18 05:00:00,74,55.914783,74,
APPLE_1KG,2025-03-18 06:00:00,75,65.22027,75,
APPLE_1KG,2025-03-18 07:00:00,63,71.809235,63,
APPLE_1KG,2025-03-18 08:00:00,81,73.64447,81,
APPLE_1KG,2025-03-18 09:00:00,82,76.116776,82,
APPLE_1KG,2025-03-18 10:00:00,67,79.6322,67,
APPLE_1KG,2025-03-18 11:00:00,75,73.282906,75,
APPLE_1KG,2025-03-18 12:00:00,80,66.0485,80,
APPLE_1KG,2025-03-18 13:00:00,71,61.84493,71,
APPLE_1KG,2025-03-18 14:00:00,53,60.114525,53,
APPLE_1KG,2025-03-18 15:00:00,62,62.559986,62,
APPLE_1KG,2025-03-18 16:00:00,70,64.4086,70,
APPLE_1KG,2025-03-18 17:00:00,61,74.52818,61,
APPLE_1KG,2025-03-18 18:00:00,68,74.09603,68,
APPLE_1KG,2025-03-18 19:00:00,87,84.444405,87,
APPLE_1KG,2025-03-18 20:00:00,89,90.174904,89,
APPLE_1KG,2025-03-18 21:00:00,75,85.46659,75,
APPLE_1KG,2025-03-18 22:00:00,82,78.91688,82,
APPLE_1KG,2025-03-18 23:00:00,80,70.82903,80,
APPLE_1KG,2025-03-19 00:00:00,41,42.096066,41,
APPLE_1KG,2025-03-19 01:00:00,43,38.389317,43,
APPLE_1KG,2025-03-19 02:00:00,48,45.017616,48,
APPLE_1KG,2025-03-19 03:00:00,48,43.980156,48,
APPLE_1KG,2025-03-19 04:00:00,37,49.64746,37,
APPLE_1KG,2025-03-19 05:00:00,49,57.28108,49,
APPLE_1KG,2025-03-19 06:00:00,56,59.032177,56,
APPLE_1KG,2025-03-19 07:00:00,59,62.48843,59,
APPLE_1KG,2025-03-19 08:00:00,79,64.81668,79,
APPLE_1KG,2025-03-19 09:00:00,75,72.73711,75,
APPLE_1KG,2025-03-19 10:00:00,62,66.261,62,
APPLE_1KG,2025-03-19 11:00:00,65,61.23806,65,
APPLE_1KG,2025-03-19 12:00:00,69,58.7773,69,
APPLE_1KG,2025-03-19 13:00:00,53,58.475636,53,
APPLE_1KG,2025-03-19 14:00:00,61,54.01,61,
APPLE_1KG,2025-03-19 15:00:00,67,54.341953,67,
APPLE_1KG,2025-03-19 16:00:00,70,63.163143,70,
APPLE_1KG,2025-03-19 17:00:00,70,68.4113,70,
APPLE_1KG,2025-03-19 18:00:00,83,71.96511,83,
APPLE_1KG,2025-03-19 19:00:00,75,79.11483,75,
APPLE_1KG,2025-03-19 20:00:00,98,80.76119,98,
APPLE_1KG,2025-03-19 21:00:00,80,84.92562,80,
APPLE_1KG,2025-03-19 22:00:00,81,76.330414,81,
APPLE_1KG,2025-03-19 23:00:00,64,67.45536,64,
APPLE_1KG,2025-03-20 00:00:00,43,36.862957,43,
APPLE_1KG,2025-03-20 01:00:00,44,41.058857,44,
APPLE_1KG,2025-03-20 02:00:00,34,45.021374,34,
APPLE_1KG,2025-03-20 03:00:00,36,47.423546,36,
APPLE_1KG,2025-03-20 04:00:00,44,48.961525,44,
APPLE_1KG,2025-03-20 05:00:00,57,50.404316,57,
APPLE_1KG,2025-03-20 06:00:00,42,54.16087,42,
APPLE_1KG,2025-03-20 07:00:00,58,62.637104,58,
APPLE_1KG,2025-03-20 08:00:00,74,66.79333,74,
APPLE_1KG,2025-03-20 09:00:00,57,65.65771,57,
APPLE_1KG,2025-03-20 10:00:00,74,64.77728,74,
APPLE_1KG,2025-03-20 11:00:00,53,61.792595,53,
APPLE_1KG,2025-03-20 12:00:00,52,61.44158,52,
APPLE_1KG,2025-03-20 13:00:00,52,54.033943,52,
APPLE_1KG,2025-03-20 14:00:00,65,54.025276,65,
APPLE_1KG,2025-03-20 15:00:00,49,54.814297,49,
APPLE_1KG,2025-03-20 16:00:00,46,59.431496,46,
APPLE_1KG,2025-03-20 17:00:00,53,64.88439,53,
APPLE_1KG,2025-03-20 18:00:00,75,69.720055,75,
APPLE_1KG,2025-03-20 19:00:00,64,76.173836,64,
APPLE_1KG,2025-03-20 20:00:00,84,76.21584,84,
APPLE_1KG,2025-03-20 21:00:00,74,73.95964,74,
APPLE_1KG,2025-03-20 22:00:00,68,64.5636,68,
APPLE_1KG,2025-03-20 23:00:00,37,60.98258,37,
APPLE_1KG,2025-03-21 00:00:00,34,42.05013,34,
APPLE_1KG,2025-03-21 01:00:00,41,40.981365,41,
APPLE_1KG,2025-03-21 02:00:00,32,42.389603,32,
APPLE_1KG,2025-03-21 03:00:00,52,44.18567,52,
APPLE_1KG,2025-03-21 04:00:00,38,44.005657,38,
APPLE_1KG,2025-03-21 05:00:00,53,45.07883,53,
APPLE_1KG,2025-03-21 06:00:00,49,49.1636,49,
APPLE_1KG,2025-03-21 07:00:00,57,51.278324,57,
APPLE_1KG,2025-03-21 08:00:00,62,62.395367,62,
APPLE_1KG,2025-03-21 09:00:00,87,62.40389,87,
APPLE_1KG,2025-03-21 10:00:00,65,75.587265,65,
APPLE_1KG,2025-03-21 11:00:00,56,56.00494,56,
APPLE_1KG,2025-03-21 12:00:00,54,55.856293,54,
APPLE_1KG,2025-03-21 13:00:00,43,53.320465,43,
APPLE_1KG,2025-03-21 14:00:00,51,56.0104,51,
APPLE_1KG,2025-03-21 15:00:00,66,51.051346,66,
APPLE_1KG,2025-03-21 16:00:00,61,56.758224,61,
APPLE_1KG,2025-03-21 17:00:00,70,60.299362,70,
APPLE_1KG,2025-03-21 18:00:00,62,70.88264,62,
APPLE_1KG,2025-03-21 19:00:00,73,68.06576,73,
APPLE_1KG,2025-03-21 20:00:00,77,74.15887,77,
APPLE_1KG,2025-03-21 21:00:00,68,68.59058,68,
APPLE_1KG,2025-03-21 22:00:00,71,65.30306,71,
APPLE_1KG,2025-03-21 23:00:00,67,60.318527,67,
APPLE_1KG,2025-03-22 00:00:00,52,43.232983,52,
APPLE_1KG,2025-03-22 01:00:00,47,45.111034,47,
APPLE_1KG,2025-03-22 02:00:00,58,49.857487,58,
APPLE_1KG,2025-03-22 03:00:00,53,50.247784,53,
APPLE_1KG,2025-03-22 04:00:00,54,54.11212,54,
APPLE_1KG,2025-03-22 05:00:00,71,59.972984,71,
APPLE_1KG,2025-03-22 06:00:00,61,68.22322,61,
APPLE_1KG,2025-03-22 07:00:00,62,72.01684,62,
APPLE_1KG,2025-03-22 08:00:00,75,76.913,75,
APPLE_1KG,2025-03-22 09:00:00,83,79.23655,83,
APPLE_1KG,2025-03-22 10:00:00,89,81.74079,89,
APPLE_1KG,2025-03-22 11:00:00,71,80.080635,71,
APPLE_1KG,2025-03-22 12:00:00,83,69.695435,83,
APPLE_1KG,2025-03-22 13:00:00,68,71.13931,68,
APPLE_1KG,2025-03-22 14:00:00,64,65.85617,64,
APPLE_1KG,2025-03-22 15:00:00,59,67.2159,59,
APPLE_1KG,2025-03-22 16:00:00,85,68.63358,85,
APPLE_1KG,2025-03-22 17:00:00,77,80.03526,77,
APPLE_1KG,2025-03-22 18:00:00,76,86.60276,76,
APPLE_1KG,2025-03-22 19:00:00,114,96.457306,114,
APPLE_1KG,2025-03-22 20:00:00,98,96.27734,98,
APPLE_1KG,2025-03-22 21:00:00,95,89.76777,95,
APPLE_1KG,2025-03-22 22:00:00,96,87.13324,96,
APPLE_1KG,2025-03-22 23:00:00,84,76.43149,84,
APPLE_1KG,2025-03-23 00:00:00,60,49.553078,60,
APPLE_1KG,2025-03-23 01:00:00,54,51.17947,54,
APPLE_1KG,2025-03-23 02:00:00,60,56.12859,60,
APPLE_1KG,2025-03-23 03:00:00,57,62.107822,57,
APPLE_1KG,2025-03-23 04:00:00,61,63.49541,61,
APPLE_1KG,2025-03-23 05:00:00,67,66.727,67,
APPLE_1KG,2025-03-23 06:00:00,75,73.807014,75,
APPLE_1KG,2025-03-23 07:00:00,84,76.71238,84,
APPLE_1KG,2025-03-23 08:00:00,90,85.08319,90,
APPLE_1KG,2025-03-23 09:00:00,94,86.518166,94,
APPLE_1KG,2025-03-23 10:00:00,91,92.24067,91,
APPLE_1KG,2025-03-23 11:00:00,96,84.36583,96,
APPLE_1KG,2025-03-23 12:00:00,83,81.36635,83,
APPLE_1KG,2025-03-23 13:00:00,71,74.90794,71,
APPLE_1KG,2025-03-23 14:00:00,73,71.85267,73,
APPLE_1KG,2025-03-23 15:00:00,81,70.421936,81,
APPLE_1KG,2025-03-23 16:00:00,70,78.45477,70,
APPLE_1KG,2025-03-23 17:00:00,99,82.74115,99,
APPLE_1KG,2025-03-23 18:00:00,87,98.50746,87,
APPLE_1KG,2025-03-23 19:00:00,105,103.7098,105,
APPLE_1KG,2025-03-23 20:00:00,101,106.21576,101,
APPLE_1KG,2025-03-23 21:00:00,97,98.7587,97,
APPLE_1KG,2025-03-23 22:00:00,82,86.94055,82,
APPLE_1KG,2025-03-23 23:00:00,89,80.79549,89,
APPLE_1KG,2025-03-24 00:00:00,39,45.513977,39,
APPLE_1KG,2025-03-24 01:00:00,38,49.90244,38,
APPLE_1KG,2025-03-24 02:00:00,58,52.97453,58,
APPLE_1KG,2025-03-24 03:00:00,65,52.887993,65,
APPLE_1KG,2025-03-24 04:00:00,50,57.921608,50,
APPLE_1KG,2025-03-24 05:00:00,67,59.867676,67,
APPLE_1KG,2025-03-24 06:00:00,73,67.47461,73,
APPLE_1KG,2025-03-24 07:00:00,72,74.44471,72,
APPLE_1KG,2025-03-24 08:00:00,88,78.449486,88,
APPLE_1KG,2025-03-24 09:00:00,79,80.12353,79,
APPLE_1KG,2025-03-24 10:00:00,82,80.92963,82,
APPLE_1KG,2025-03-24 11:00:00,66,80.20156,66,
APPLE_1KG,2025-03-24 12:00:00,61,69.614204,61,
APPLE_1KG,2025-03-24 13:00:00,74,65.94071,74,
APPLE_1KG,2025-03-24 14:00:00,67,64.96112,67,
APPLE_1KG,2025-03-24 15:00:00,66,66.68771,66,
APPLE_1KG,2025-03-24 16:00:00,83,68.55176,83,
APPLE_1KG,2025-03-24 17:00:00,90,82.12676,90,
APPLE_1KG,2025-03-24 18:00:00,89,83.85376,89,
APPLE_1KG,2025-03-24 19:00:00,80,90.49429,80,
APPLE_1KG,2025-03-24 20:00:00,91,90.379395,91,
APPLE_1KG,2025-03-24 21:00:00,84,88.6145,84,
APPLE_1KG,2025-03-24 22:00:00,84,78.27884,84,
APPLE_1KG,2025-03-24 23:00:00,68,77.81725,68,
APPLE_1KG,2025-03-25 00:00:00,38,39.884605,38,
APPLE_1KG,2025-03-25 01:00:00,31,41.642605,31,
APPLE_1KG,2025-03-25 02:00:00,49,50.09955,49,
APPLE_1KG,2025-03-25 03:00:00,34,52.873806,34,
APPLE_1KG,2025-03-25 04:00:00,51,56.372627,51,
APPLE_1KG,2025-03-25 05:00:00,63,61.09891,63,
APPLE_1KG,2025-03-25 06:00:00,60,63.699314,60,
APPLE_1KG,2025-03-25 07:00:00,65,67.289696,65,
APPLE_1KG,2025-03-25 08:00:00,75,73.37561,75,
APPLE_1KG,2025-03-25 09:00:00,72,71.813324,72,
APPLE_1KG,2025-03-25 10:00:00,82,81.05041,82,
APPLE_1KG,2025-03-25 11:00:00,65,69.57523,65,
APPLE_1KG,2025-03-25 12:00:00,69,71.74347,69,
APPLE_1KG,2025-03-25 13:00:00,60,63.550564,60,
APPLE_1KG,2025-03-25 14:00:00,61,58.528687,61,
APPLE_1KG,2025-03-25 15:00:00,74,62.24514,74,
APPLE_1KG,2025-03-25 16:00:00,68,67.59732,68,
APPLE_1KG,2025-03-25 17:00:00,78,70.057655,78,
APPLE_1KG,2025-03-25 18:00:00,77,79.70545,77,
APPLE_1KG,2025-03-25 19:00:00,88,80.34869,88,
APPLE_1KG,2025-03-25 20:00:00,86,84.80923,86,
APPLE_1KG,2025-03-25 21:00:00,87,82.07677,87,
APPLE_1KG,2025-03-25 22:00:00,86,81.16806,86,
APPLE_1KG,2025-03-25 23:00:00,69,70.7948,69,
APPLE_1KG,2025-03-26 00:00:00,40,40.669495,40,
APPLE_1KG,2025-03-26 01:00:00,40,43.914875,40,
APPLE_1KG,2025-03-26 02:00:00,40,44.260624,40,
APPLE_1KG,2025-03-26 03:00:00,47,47.383873,47,
APPLE_1KG,2025-03-26 04:00:00,47,48.14309,47,
APPLE_1KG,2025-03-26 05:00:00,65,50.396282,65,
APPLE_1KG,2025-03-26 06:00:00,78,57.879974,78,
APPLE_1KG,2025-03-26 07:00:00,61,67.41594,61,
APPLE_1KG,2025-03-26 08:00:00,73,70.33332,73,
APPLE_1KG,2025-03-26 09:00:00,79,67.78622,79,
APPLE_1KG,2025-03-26 10:00:00,68,72.984184,68,
APPLE_1KG,2025-03-26 11:00:00,62,68.07515,62,
APPLE_1KG,2025-03-26 12:00:00,77,70.21642,77,
APPLE_1KG,2025-03-26 13:00:00,63,61.299274,63,
APPLE_1KG,2025-03-26 14:00:00,58,56.24231,58,
APPLE_1KG,2025-03-26 15:00:00,68,59.959312,68,
APPLE_1KG,2025-03-26 16:00:00,68,65.40819,68,
APPLE_1KG,2025-03-26 17:00:00,69,71.474785,69,
APPLE_1KG,2025-03-26 18:00:00,72,84.33179,72,
APPLE_1KG,2025-03-26 19:00:00,76,77.25756,76,
APPLE_1KG,2025-03-26 20:00:00,90,82.14882,90,
APPLE_1KG,2025-03-26 21:00:00,84,80.48263,84,
APPLE_1KG,2025-03-26 22:00:00,74,79.2206,74,
APPLE_1KG,2025-03-26 23:00:00,80,68.67317,80,
APPLE_1KG,2025-03-27 00:00:00,38,37.692326,38,
APPLE_1KG,2025-03-27 01:00:00,47,37.654922,47,
APPLE_1KG,2025-03-27 02:00:00,42,44.15772,42,
APPLE_1KG,2025-03-27 03:00:00,57,47.629395,57,
APPLE_1KG,2025-03-27 04:00:00,51,47.670643,51,
APPLE_1KG,2025-03-27 05:00:00,51,55.946728,51,
APPLE_1KG,2025-03-27 06:00:00,54,53.27029,54,
APPLE_1KG,2025-03-27 07:00:00,61,60.495583,61,
APPLE_1KG,2025-03-27 08:00:00,61,64.73594,61,
APPLE_1KG,2025-03-27 09:00:00,57,64.27036,57,
APPLE_1KG,2025-03-27 10:00:00,68,64.028946,68,
APPLE_1KG,2025-03-27 11:00:00,60,64.602,60,
APPLE_1KG,2025-03-27 12:00:00,54,60.849003,54,
APPLE_1KG,2025-03-27 13:00:00,53,52.281284,53,
APPLE_1KG,2025-03-27 14:00:00,55,62.648567,55,
APPLE_1KG,2025-03-27 15:00:00,54,54.374615,54,
APPLE_1KG,2025-03-27 16:00:00,30,55.142166,30,
APPLE_1KG,2025-03-27 17:00:00,69,63.119183,69,
APPLE_1KG,2025-03-27 18:00:00,85,70.68975,85,
APPLE_1KG,2025-03-27 19:00:00,72,74.364,72,
APPLE_1KG,2025-03-27 20:00:00,82,77.99959,82,
APPLE_1KG,2025-03-27 21:00:00,71,74.84223,71,
APPLE_1KG,2025-03-27 22:00:00,65,74.29438,65,
APPLE_1KG,2025-03-27 23:00:00,77,66.37177,77,
APPLE_1KG,2025-03-28 00:00:00,35,38.022404,35,
APPLE_1KG,2025-03-28 01:00:00,25,42.76486,25,
APPLE_1KG,2025-03-28 02:00:00,36,43.93409,36,
APPLE_1KG,2025-03-28 03:00:00,29,45.863632,29,
APPLE_1KG,2025-03-28 04:00:00,39,48.18494,39,
APPLE_1KG,2025-03-28 05:00:00,48,33.103012,48,
APPLE_1KG,2025-03-28 06:00:00,56,46.261036,56,
APPLE_1KG,2025-03-28 07:00:00,48,61.96923,48,
APPLE_1KG,2025-03-28 08:00:00,74,63.333447,74,
APPLE_1KG,2025-03-28 09:00:00,54,68.505295,54,
APPLE_1KG,2025-03-28 10:00:00,65,62.91903,65,
APPLE_1KG,2025-03-28 11:00:00,60,61.779438,60,
APPLE_1KG,2025-03-28 12:00:00,64,54.894855,64,
APPLE_1KG,2025-03-28 13:00:00,57,49.284973,57,
APPLE_1KG,2025-03-28 14:00:00,62,53.863186,62,
APPLE_1KG,2025-03-28 15:00:00,53,55.132023,53,
APPLE_1KG,2025-03-28 16:00:00,55,55.9711,55,
APPLE_1KG,2025-03-28 17:00:00,67,64.18453,67,
APPLE_1KG,2025-03-28 18:00:00,77,69.6881,77,
APPLE_1KG,2025-03-28 19:00:00,80,74.612495,80,
APPLE_1KG,2025-03-28 20:00:00,78,72.93742,78,
APPLE_1KG,2025-03-28 21:00:00,78,74.54031,78,
APPLE_1KG,2025-03-28 22:00:00,73,73.78649,73,
APPLE_1KG,2025-03-28 23:00:00,66,69.16362,66,
APPLE_1KG,2025-03-29 00:00:00,76,56.126503,76,
APPLE_1KG,2025-03-29 01:00:00,60,57.672165,60,
APPLE_1KG,2025-03-29 02:00:00,63,66.9125,63,
APPLE_1KG,2025-03-29 03:00:00,63,60.57654,63,
APPLE_1KG,2025-03-29 04:00:00,73,62.483692,73,
APPLE_1KG,2025-03-29 05:00:00,62,75.06339,62,
APPLE_1KG,2025-03-29 06:00:00,84,78.141464,84,
APPLE_1KG,2025-03-29 07:00:00,99,82.13809,99,
APPLE_1KG,2025-03-29 08:00:00,96,97.061806,96,
APPLE_1KG,2025-03-29 09:00:00,104,95.83674,104,
APPLE_1KG,2025-03-29 10:00:00,117,101.76527,117,
APPLE_1KG,2025-03-29 11:00:00,97,92.08517,97,
APPLE_1KG,2025-03-29 12:00:00,73,95.51247,73,
APPLE_1KG,2025-03-29 13:00:00,74,80.78349,74,
APPLE_1KG,2025-03-29 14:00:00,79,83.41028,79,
APPLE_1KG,2025-03-29 15:00:00,77,82.5572,77,
APPLE_1KG,2025-03-29 16:00:00,90,80.61039,90,
APPLE_1KG,2025-03-29 17:00:00,96,98.81525,96,
APPLE_1KG,2025-03-29 18:00:00,115,103.45954,115,
APPLE_1KG,2025-03-29 19:00:00,107,119.33768,107,
APPLE_1KG,2025-03-29 20:00:00,116,109.1306,116,
APPLE_1KG,2025-03-29 21:00:00,117,112.999374,117,
APPLE_1KG,2025-03-29 22:00:00,118,111.23959,118,
APPLE_1KG,2025-03-29 23:00:00,97,102.63477,97,
APPLE_1KG,2025-03-30 00:00:00,36,54.61888,36,
APPLE_1KG,2025-03-30 01:00:00,54,54.637615,54,
APPLE_1KG,2025-03-30 02:00:00,54,58.4041,54,
APPLE_1KG,2025-03-30 03:00:00,63,59.75985,63,
APPLE_1KG,2025-03-30 04:00:00,66,65.881226,66,
APPLE_1KG,2025-03-30 05:00:00,69,67.339714,69,
APPLE_1KG,2025-03-30 06:00:00,78,75.87721,78,
APPLE_1KG,2025-03-30 07:00:00,91,81.76349,91,
APPLE_1KG,2025-03-30 08:00:00,95,91.35445,95,
APPLE_1KG,2025-03-30 09:00:00,91,95.42123,91,
APPLE_1KG,2025-03-30 10:00:00,103,94.988525,103,
APPLE_1KG,2025-03-30 11:00:00,79,93.79544,79,
APPLE_1KG,2025-03-30 12:00:00,69,77.44182,69,
APPLE_1KG,2025-03-30 13:00:00,25,74.81817,25,
APPLE_1KG,2025-03-30 14:00:00,67,68.02383,67,
APPLE_1KG,2025-03-30 15:00:00,55,73.81218,55,
APPLE_1KG,2025-03-30 16:00:00,73,76.55237,73,
APPLE_1KG,2025-03-30 17:00:00,87,82.13905,87,
APPLE_1KG,2025-03-30 18:00:00,93,89.31142,93,
APPLE_1KG,2025-03-30 19:00:00,93,95.124275,93,
APPLE_1KG,2025-03-30 20:00:00,103,99.75757,103,
APPLE_1KG,2025-03-30 21:00:00,100,96.316,100,
APPLE_1KG,2025-03-30 22:00:00,99,93.0028,99,
APPLE_1KG,2025-03-30 23:00:00,79,85.44563,79,
APPLE_1KG,2025-03-31 00:00:00,54,44.098297,54,
APPLE_1KG,2025-03-31 01:00:00,41,42.83144,41,
APPLE_1KG,2025-03-31 02:00:00,48,46.150276,48,
APPLE_1KG,2025-03-31 03:00:00,64,55.11046,64,
APPLE_1KG,2025-03-31 04:00:00,49,59.079624,49,
APPLE_1KG,2025-03-31 05:00:00,59,57.68908,59,
APPLE_1KG,2025-03-31 06:00:00,58,69.54078,58,
APPLE_1KG,2025-03-31 07:00:00,68,77.51906,68,
APPLE_1KG,2025-03-31 08:00:00,80,81.4729,80,
APPLE_1KG,2025-03-31 09:00:00,86,79.827354,86,
APPLE_1KG,2025-03-31 10:00:00,80,86.23336,80,
APPLE_1KG,2025-03-31 11:00:00,73,69.341835,73,
APPLE_1KG,2025-03-31 12:00:00,62,69.16367,62,
APPLE_1KG,2025-03-31 13:00:00,61,60.686302,61,
APPLE_1KG,2025-03-31 14:00:00,53,64.31915,53,
APPLE_1KG,2025-03-31 15:00:00,71,61.16577,71,
APPLE_1KG,2025-03-31 16:00:00,77,70.692726,77,
APPLE_1KG,2025-03-31 17:00:00,78,78.88717,78,
APPLE_1KG,2025-03-31 18:00:00,88,82.54863,88,
APPLE_1KG,2025-03-31 19:00:00,96,89.152725,96,
APPLE_1KG,2025-03-31 20:00:00,93,92.09472,93,
APPLE_1KG,2025-03-31 21:00:00,100,88.63213,100,
APPLE_1KG,2025-03-31 22:00:00,77,89.11557,77,
APPLE_1KG,2025-03-31 23:00:00,74,75.019684,74,
BANANA_1KG,2025-03-15 09:00:00,101,83.87816,101,
BANANA_1KG,2025-03-15 10:00:00,88,93.07801,88,
BANANA_1KG,2025-03-15 11:00:00,87,89.79027,87,
BANANA_1KG,2025-03-15 12:00:00,73,86.40636,73,
BANANA_1KG,2025-03-15 13:00:00,81,72.94491,81,
BANANA_1KG,2025-03-15 14:00:00,77,73.79515,77,
BANANA_1KG,2025-03-15 15:00:00,85,74.54613,85,
BANANA_1KG,2025-03-15 16:00:00,89,83.79567,89,
BANANA_1KG,2025-03-15 17:00:00,86,90.44562,86,
BANANA_1KG,2025-03-15 18:00:00,120,95.04019,120,
BANANA_1KG,2025-03-15 19:00:00,110,107.117645,110,
BANANA_1KG,2025-03-15 20:00:00,107,107.00304,107,
BANANA_1KG,2025-03-15 21:00:00,92,104.30588,92,
BANANA_1KG,2025-03-15 22:00:00,84,96.35006,84,
BANANA_1KG,2025-03-15 23:00:00,74,85.19228,74,
BANANA_1KG,2025-03-16 00:00:00,52,58.35978,52,
BANANA_1KG,2025-03-16 01:00:00,69,57.444347,69,
BANANA_1KG,2025-03-16 02:00:00,64,61.009052,64,
BANANA_1KG,2025-03-16 03:00:00,58,63.708534,58,
BANANA_1KG,2025-03-16 04:00:00,66,67.553894,66,
BANANA_1KG,2025-03-16 05:00:00,72,69.00974,72,
BANANA_1KG,2025-03-16 06:00:00,88,81.39874,88,
BANANA_1KG,2025-03-16 07:00:00,84,91.08045,84,
BANANA_1KG,2025-03-16 08:00:00,98,91.10876,98,
BANANA_1KG,2025-03-16 09:00:00,100,102.029396,100,
BANANA_1KG,2025-03-16 10:00:00,96,103.518524,96,
BANANA_1KG,2025-03-16 11:00:00,105,93.95563,105,
BANANA_1KG,2025-03-16 12:00:00,85,90.29505,85,
BANANA_1KG,2025-03-16 13:00:00,73,79.20713,73,
BANANA_1KG,2025-03-16 14:00:00,84,77.34959,84,
BANANA_1KG,2025-03-16 15:00:00,80,86.23667,80,
BANANA_1KG,2025-03-16 16:00:00,88,89.38932,88,
BANANA_1KG,2025-03-16 17:00:00,86,95.19267,86,
BANANA_1KG,2025-03-16 18:00:00,112,106.466866,112,
BANANA_1KG,2025-03-16 19:00:00,125,109.79742,125,
BANANA_1KG,2025-03-16 20:00:00,103,108.24617,103,
BANANA_1KG,2025-03-16 21:00:00,111,103.909935,111,
BANANA_1KG,2025-03-16 22:00:00,97,101.87996,97,
BANANA_1KG,2025-03-16 23:00:00,111,86.439476,111,
BANANA_1KG,2025-03-17 00:00:00,62,58.48493,62,
BANANA_1KG,2025-03-17 01:00:00,56,56.156723,56,
BANANA_1KG,2025-03-17 02:00:00,46,57.173164,46,
BANANA_1KG,2025-03-17 03:00:00,51,57.19903,51,
BANANA_1KG,2025-03-17 04:00:00,68,60.788925,68,
BANANA_1KG,2025-03-17 05:00:00,58,65.31069,58,
BANANA_1KG,2025-03-17 06:00:00,65,73.08971,65,
BANANA_1KG,2025-03-17 07:00:00,83,79.9825,83,
BANANA_1KG,2025-03-17 08:00:00,88,90.83719,88,
BANANA_1KG,2025-03-17 09:00:00,93,93.73036,93,
BANANA_1KG,2025-03-17 10:00:00,88,91.56444,88,
BANANA_1KG,2025-03-17 11:00:00,90,89.11944,90,
BANANA_1KG,2025-03-17 12:00:00,71,82.34483,71,
BANANA_1KG,2025-03-17 13:00:00,77,72.90191,77,
BANANA_1KG,2025-03-17 14:00:00,72,70.46912,72,
BANANA_1KG,2025-03-17 15:00:00,77,73.2978,77,
BANANA_1KG,2025-03-17 16:00:00,86,73.186714,86,
BANANA_1KG,2025-03-17 17:00:00,82,86.791504,82,
BANANA_1KG,2025-03-17 18:00:00,89,93.38231,89,
BANANA_1KG,2025-03-17 19:00:00,88,103.13356,88,
BANANA_1KG,2025-03-17 20:00:00,88,98.12177,88,
BANANA_1KG,2025-03-17 21:00:00,97,98.64464,97,
BANANA_1KG,2025-03-17 22:00:00,91,92.680084,91,
BANANA_1KG,2025-03-17 23:00:00,76,88.0704,76,
BANANA_1KG,2025-03-18 00:00:00,46,48.57635,46,
BANANA_1KG,2025-03-18 01:00:00,62,49.373325,62,
BANANA_1KG,2025-03-18 02:00:00,59,48.797733,59,
BANANA_1KG,2025-03-18 03:00:00,47,59.984127,47,
BANANA_1KG,2025-03-18 04:00:00,57,55.411217,57,
BANANA_1KG,2025-03-18 05:00:00,69,59.464073,69,
BANANA_1KG,2025-03-18 06:00:00,68,65.86778,68,
BANANA_1KG,2025-03-18 07:00:00,73,74.43429,73,
BANANA_1KG,2025-03-18 08:00:00,82,77.89492,82,
BANANA_1KG,2025-03-18 09:00:00,98,87.10162,98,
BANANA_1KG,2025-03-18 10:00:00,93,85.75447,93,
BANANA_1KG,2025-03-18 11:00:00,77,79.55782,77,
BANANA_1KG,2025-03-18 12:00:00,78,70.25605,78,
BANANA_1KG,2025-03-18 13:00:00,70,69.84353,70,
BANANA_1KG,2025-03-18 14:00:00,61,65.90882,61,
BANANA_1KG,2025-03-18 15:00:00,68,70.73335,68,
BANANA_1KG,2025-03-18 16:00:00,66,74.23952,66,
BANANA_1KG,2025-03-18 17:00:00,91,78.54367,91,
BANANA_1KG,2025-03-18 18:00:00,101,90.24209,101,
BANANA_1KG,2025-03-18 19:00:00,94,100.38798,94,
BANANA_1KG,2025-03-18 20:00:00,94,96.975204,94,
BANANA_1KG,2025-03-18 21:00:00,106,93.38062,106,
BANANA_1KG,2025-03-18 22:00:00,98,90.64384,98,
BANANA_1KG,2025-03-18 23:00:00,73,78.18476,73,
BANANA_1KG,2025-03-19 00:00:00,47,45.28832,47,
BANANA_1KG,2025-03-19 01:00:00,47,46.017193,47,
BANANA_1KG,2025-03-19 02:00:00,44,49.99297,44,
BANANA_1KG,2025-03-19 03:00:00,54,55.163403,54,
BANANA_1KG,2025-03-19 04:00:00,50,54.187134,50,
BANANA_1KG,2025-03-19 05:00:00,58,61.450493,58,
BANANA_1KG,2025-03-19 06:00:00,65,64.11599,65,
BANANA_1KG,2025-03-19 07:00:00,62,70.25792,62,
BANANA_1KG,2025-03-19 08:00:00,63,75.148125,63,
BANANA_1KG,2025-03-19 09:00:00,86,72.53223,86,
BANANA_1KG,2025-03-19 10:00:00,73,80.50871,73,
BANANA_1KG,2025-03-19 11:00:00,89,71.15224,89,
BANANA_1KG,2025-03-19 12:00:00,82,71.92642,82,
BANANA_1KG,2025-03-19 13:00:00,61,69.13132,61,
BANANA_1KG,2025-03-19 14:00:00,79,63.94101,79,
BANANA_1KG,2025-03-19 15:00:00,71,71.39526,71,
BANANA_1KG,2025-03-19 16:00:00,65,70.92141,65,
BANANA_1KG,2025-03-19 17:00:00,28,79.64179,28,
BANANA_1KG,2025-03-19 18:00:00,88,82.506165,88,
BANANA_1KG,2025-03-19 19:00:00,89,86.79585,89,
BANANA_1KG,2025-03-19 20:00:00,94,88.023476,94,
BANANA_1KG,2025-03-19 21:00:00,87,88.490204,87,
BANANA_1KG,2025-03-19 22:00:00,74,84.29131,74,
BANANA_1KG,2025-03-19 23:00:00,72,69.736855,72,
BANANA_1KG,2025-03-20 00:00:00,49,37.75231,49,
BANANA_1KG,2025-03-20 01:00:00,42,39.29269,42,
BANANA_1KG,2025-03-20 02:00:00,43,47.47116,43,
BANANA_1KG,2025-03-20 03:00:00,37,47.741802,37,
BANANA_1KG,2025-03-20 04:00:00,51,49.44255,51,
BANANA_1KG,2025-03-20 05:00:00,48,52.431507,48,
BANANA_1KG,2025-03-20 06:00:00,68,56.044754,68,
BANANA_1KG,2025-03-20 07:00:00,63,67.5151,63,
BANANA_1KG,2025-03-20 08:00:00,71,69.3345,71,
BANANA_1KG,2025-03-20 09:00:00,89,72.342064,89,
BANANA_1KG,2025-03-20 10:00:00,71,76.86581,71,
BANANA_1KG,2025-03-20 11:00:00,66,69.37153,66,
BANANA_1KG,2025-03-20 12:00:00,69,68.72126,69,
BANANA_1KG,2025-03-20 13:00:00,48,59.713505,48,
BANANA_1KG,2025-03-20 14:00:00,68,58.466507,68,
BANANA_1KG,2025-03-20 15:00:00,67,60.22425,67,
BANANA_1KG,2025-03-20 16:00:00,69,66.099915,69,
BANANA_1KG,2025-03-20 17:00:00,47,69.00971,47,
BANANA_1KG,2025-03-20 18:00:00,75,77.49034,75,
BANANA_1KG,2025-03-20 19:00:00,74,80.70069,74,
BANANA_1KG,2025-03-20 20:00:00,93,84.19175,93,
BANANA_1KG,2025-03-20 21:00:00,91,83.502144,91,
BANANA_1KG,2025-03-20 22:00:00,80,77.82697,80,
BANANA_1KG,2025-03-20 23:00:00,61,68.81906,61,
BANANA_1KG,2025-03-21 00:00:00,55,40.21085,55,
BANANA_1KG,2025-03-21 01:00:00,43,43.34108,43,
BANANA_1KG,2025-03-21 02:00:00,58,48.461014,58,
BANANA_1KG,2025-03-21 03:00:00,24,48.134304,24,
BANANA_1KG,2025-03-21 04:00:00,55,51.51073,55,
BANANA_1KG,2025-03-21 05:00:00,52,54.01411,52,
BANANA_1KG,2025-03-21 06:00:00,73,56.135704,73,
BANANA_1KG,2025-03-21 07:00:00,72,68.74666,72,
BANANA_1KG,2025-03-21 08:00:00,82,70.14723,82,
BANANA_1KG,2025-03-21 09:00:00,76,77.521095,76,
BANANA_1KG,2025-03-21 10:00:00,73,71.49192,73,
BANANA_1KG,2025-03-21 11:00:00,73,66.92274,73,
BANANA_1KG,2025-03-21 12:00:00,75,68.44418,75,
BANANA_1KG,2025-03-21 13:00:00,67,63.685352,67,
BANANA_1KG,2025-03-21 14:00:00,60,57.50143,60,
BANANA_1KG,2025-03-21 15:00:00,47,60.469643,47,
BANANA_1KG,2025-03-21 16:00:00,71,62.51149,71,
BANANA_1KG,2025-03-21 17:00:00,62,72.88158,62,
BANANA_1KG,2025-03-21 18:00:00,78,76.66141,78,
BANANA_1KG,2025-03-21 19:00:00,83,86.33584,83,
BANANA_1KG,2025-03-21 20:00:00,75,86.69721,75,
BANANA_1KG,2025-03-21 21:00:00,85,84.702095,85,
BANANA_1KG,2025-03-21 22:00:00,92,75.57652,92,
BANANA_1KG,2025-03-21 23:00:00,68,69.42454,68,
BANANA_1KG,2025-03-22 00:00:00,60,57.31522,60,
BANANA_1KG,2025-03-22 01:00:00,71,50.073326,71,
BANANA_1KG,2025-03-22 02:00:00,63,55.735054,63,
BANANA_1KG,2025-03-22 03:00:00,57,65.58053,57,
BANANA_1KG,2025-03-22 04:00:00,65,65.35829,65,
BANANA_1KG,2025-03-22 05:00:00,72,68.56243,72,
BANANA_1KG,2025-03-22 06:00:00,87,76.0921,87,
BANANA_1KG,2025-03-22 07:00:00,92,91.986404,92,
BANANA_1KG,2025-03-22 08:00:00,71,91.069145,71,
BANANA_1KG,2025-03-22 09:00:00,85,85.9297,85,
BANANA_1KG,2025-03-22 10:00:00,90,89.098854,90,
BANANA_1KG,2025-03-22 11:00:00,78,87.42018,78,
BANANA_1KG,2025-03-22 12:00:00,53,82.190765,53,
BANANA_1KG,2025-03-22 13:00:00,71,75.183556,71,
BANANA_1KG,2025-03-22 14:00:00,72,70.140854,72,
BANANA_1KG,2025-03-22 15:00:00,69,69.55733,69,
BANANA_1KG,2025-03-22 16:00:00,73,78.75355,73,
BANANA_1KG,2025-03-22 17:00:00,88,88.05342,88,
BANANA_1KG,2025-03-22 18:00:00,98,99.04035,98,
BANANA_1KG,2025-03-22 19:00:00,105,103.80678,105,
BANANA_1KG,2025-03-22 20:00:00,117,105.59779,117,
BANANA_1KG,2025-03-22 21:00:00,102,98.91473,102,
BANANA_1KG,2025-03-22 22:00:00,89,94.45839,89,
BANANA_1KG,2025-03-22 23:00:00,81,85.44583,81,
BANANA_1KG,2025-03-23 00:00:00,58,51.44137,58,
BANANA_1KG,2025-03-23 01:00:00,68,62.5751,68,
BANANA_1KG,2025-03-23 02:00:00,55,61.846474,55,
BANANA_1KG,2025-03-23 03:00:00,68,62.73778,68,
BANANA_1KG,2025-03-23 04:00:00,69,65.26582,69,
BANANA_1KG,2025-03-23 05:00:00,88,72.64413,88,
BANANA_1KG,2025-03-23 06:00:00,91,88.8722,91,
BANANA_1KG,2025-03-23 07:00:00,86,90.621895,86,
BANANA_1KG,2025-03-23 08:00:00,103,89.93114,103,
BANANA_1KG,2025-03-23 09:00:00,105,102.03707,105,
BANANA_1KG,2025-03-23 10:00:00,95,100.76586,95,
BANANA_1KG,2025-03-23 11:00:00,85,93.618996,85,
BANANA_1KG,2025-03-23 12:00:00,89,84.98463,89,
BANANA_1KG,2025-03-23 13:00:00,81,79.16146,81,
BANANA_1KG,2025-03-23 14:00:00,68,78.54214,68,
BANANA_1KG,2025-03-23 15:00:00,82,77.89199,82,
BANANA_1KG,2025-03-23 16:00:00,82,82.27334,82,
BANANA_1KG,2025-03-23 17:00:00,84,94.03706,84,
BANANA_1KG,2025-03-23 18:00:00,101,96.607864,101,
BANANA_1KG,2025-03-23 19:00:00,120,109.86559,120,
BANANA_1KG,2025-03-23 20:00:00,122,112.3944,122,
BANANA_1KG,2025-03-23 21:00:00,116,109.82632,116,
BANANA_1KG,2025-03-23 22:00:00,105,104.16033,105,
BANANA_1KG,2025-03-23 23:00:00,97,98.77244,97,
BANANA_1KG,2025-03-24 00:00:00,55,55.484188,55,
BANANA_1KG,2025-03-24 01:00:00,46,54.61285,46,
BANANA_1KG,2025-03-24 02:00:00,49,54.66989,49,
BANANA_1KG,2025-03-24 03:00:00,54,59.89416,54,
BANANA_1KG,2025-03-24 04:00:00,72,60.37064,72,
BANANA_1KG,2025-03-24 05:00:00,75,70.83791,75,
BANANA_1KG,2025-03-24 06:00:00,68,77.10047,68,
BANANA_1KG,2025-03-24 07:00:00,82,82.77943,82,
BANANA_1KG,2025-03-24 08:00:00,86,91.23782,86,
BANANA_1KG,2025-03-24 09:00:00,89,91.94659,89,
BANANA_1KG,2025-03-24 10:00:00,84,86.97047,84,
BANANA_1KG,2025-03-24 11:00:00,94,82.99924,94,
BANANA_1KG,2025-03-24 12:00:00,78,76.671005,78,
BANANA_1KG,2025-03-24 13:00:00,75,69.956154,75,
BANANA_1KG,2025-03-24 14:00:00,73,69.858986,73,
BANANA_1KG,2025-03-24 15:00:00,68,73.18564,68,
BANANA_1KG,2025-03-24 16:00:00,79,77.59546,79,
BANANA_1KG,2025-03-24 17:00:00,94,82.85578,94,
BANANA_1KG,2025-03-24 18:00:00,107,93.83448,107,
BANANA_1KG,2025-03-24 19:00:00,94,103.287605,94,
BANANA_1KG,2025-03-24 20:00:00,93,97.10717,93,
BANANA_1KG,2025-03-24 21:00:00,101,104.2357,101,
BANANA_1KG,2025-03-24 22:00:00,101,94.713425,101,
BANANA_1KG,2025-03-24 23:00:00,87,88.87462,87,
BANANA_1KG,2025-03-25 00:00:00,57,54.89103,57,
BANANA_1KG,2025-03-25 01:00:00,43,46.555832,43,
BANANA_1KG,2025-03-25 02:00:00,50,51.332233,50,
BANANA_1KG,2025-03-25 03:00:00,41,52.6819,41,
BANANA_1KG,2025-03-25 04:00:00,59,64.74937,59,
BANANA_1KG,2025-03-25 05:00:00,51,64.04181,51,
BANANA_1KG,2025-03-25 06:00:00,82,66.37644,82,
BANANA_1KG,2025-03-25 07:00:00,92,79.68535,92,
BANANA_1KG,2025-03-25 08:00:00,86,87.66759,86,
BANANA_1KG,2025-03-25 09:00:00,77,87.600624,77,
BANANA_1KG,2025-03-25 10:00:00,93,87.736855,93,
BANANA_1KG,2025-03-25 11:00:00,94,81.69305,94,
BANANA_1KG,2025-03-25 12:00:00,81,78.21183,81,
BANANA_1KG,2025-03-25 13:00:00,79,69.913445,79,
BANANA_1KG,2025-03-25 14:00:00,65,68.76373,65,
BANANA_1KG,2025-03-25 15:00:00,65,71.526535,65,
BANANA_1KG,2025-03-25 16:00:00,75,69.79677,75,
BANANA_1KG,2025-03-25 17:00:00,70,81.761,70,
BANANA_1KG,2025-03-25 18:00:00,108,90.3542,108,
BANANA_1KG,2025-03-25 19:00:00,99,97.73513,99,
BANANA_1KG,2025-03-25 20:00:00,105,97.047676,105,
BANANA_1KG,2025-03-25 21:00:00,95,100.81448,95,
BANANA_1KG,2025-03-25 22:00:00,80,95.109985,80,
BANANA_1KG,2025-03-25 23:00:00,92,75.649185,92,
BANANA_1KG,2025-03-26 00:00:00,40,49.30076,40,
BANANA_1KG,2025-03-26 01:00:00,51,51.2594,51,
BANANA_1KG,2025-03-26 02:00:00,52,48.82284,52,
BANANA_1KG,2025-03-26 03:00:00,52,52.075825,52,
BANANA_1KG,2025-03-26 04:00:00,50,53.30066,50,
BANANA_1KG,2025-03-26 05:00:00,60,60.067616,60,
BANANA_1KG,2025-03-26 06:00:00,60,66.66469,60,
BANANA_1KG,2025-03-26 07:00:00,79,71.66528,79,
BANANA_1KG,2025-03-26 08:00:00,84,81.49053,84,
BANANA_1KG,2025-03-26 09:00:00,81,79.72774,81,
BANANA_1KG,2025-03-26 10:00:00,75,78.8953,75,
BANANA_1KG,2025-03-26 11:00:00,93,77.23884,93,
BANANA_1KG,2025-03-26 12:00:00,64,78.34952,64,
BANANA_1KG,2025-03-26 13:00:00,55,65.28896,55,
BANANA_1KG,2025-03-26 14:00:00,62,68.839386,62,
BANANA_1KG,2025-03-26 15:00:00,63,67.4153,63,
BANANA_1KG,2025-03-26 16:00:00,78,70.23681,78,
BANANA_1KG,2025-03-26 17:00:00,82,75.76632,82,
BANANA_1KG,2025-03-26 18:00:00,89,93.789635,89,
BANANA_1KG,2025-03-26 19:00:00,93,89.99214,93,
BANANA_1KG,2025-03-26 20:00:00,95,91.63189,95,
BANANA_1KG,2025-03-26 21:00:00,104,88.720695,104,
BANANA_1KG,2025-03-26 22:00:00,86,81.525635,86,
BANANA_1KG,2025-03-26 23:00:00,71,77.316345,71,
BANANA_1KG,2025-03-27 00:00:00,46,41.826454,46,
BANANA_1KG,2025-03-27 01:00:00,27,41.679276,27,
BANANA_1KG,2025-03-27 02:00:00,45,46.618416,45,
BANANA_1KG,2025-03-27 03:00:00,56,49.709755,56,
BANANA_1KG,2025-03-27 04:00:00,56,54.56356,56,
BANANA_1KG,2025-03-27 05:00:00,60,56.00326,60,
BANANA_1KG,2025-03-27 06:00:00,67,60.92245,67,
BANANA_1KG,2025-03-27 07:00:00,76,67.988815,76,
BANANA_1KG,2025-03-27 08:00:00,84,79.15214,84,
BANANA_1KG,2025-03-27 09:00:00,78,79.562744,78,
BANANA_1KG,2025-03-27 10:00:00,72,76.30631,72,
BANANA_1KG,2025-03-27 11:00:00,55,73.37209,55,
BANANA_1KG,2025-03-27 12:00:00,72,65.61118,72,
BANANA_1KG,2025-03-27 13:00:00,64,63.373146,64,
BANANA_1KG,2025-03-27 14:00:00,63,65.11866,63,
BANANA_1KG,2025-03-27 15:00:00,56,62.572712,56,
BANANA_1KG,2025-03-27 16:00:00,72,68.819214,72,
BANANA_1KG,2025-03-27 17:00:00,71,74.534294,71,
BANANA_1KG,2025-03-27 18:00:00,78,77.102806,78,
BANANA_1KG,2025-03-27 19:00:00,84,86.599335,84,
BANANA_1KG,2025-03-27 20:00:00,89,88.518486,89,
BANANA_1KG,2025-03-27 21:00:00,75,86.650215,75,
BANANA_1KG,2025-03-27 22:00:00,82,78.41674,82,
BANANA_1KG,2025-03-27 23:00:00,65,69.38718,65,
BANANA_1KG,2025-03-28 00:00:00,40,35.965687,40,
BANANA_1KG,2025-03-28 01:00:00,52,43.879646,52,
BANANA_1KG,2025-03-28 02:00:00,39,43.44601,39,
BANANA_1KG,2025-03-28 03:00:00,54,48.997158,54,
BANANA_1KG,2025-03-28 04:00:00,52,45.89001,52,
BANANA_1KG,2025-03-28 05:00:00,49,38.480213,49,
BANANA_1KG,2025-03-28 06:00:00,72,60.095688,72,
BANANA_1KG,2025-03-28 07:00:00,72,73.7653,72,
BANANA_1KG,2025-03-28 08:00:00,77,76.626434,77,
BANANA_1KG,2025-03-28 09:00:00,82,73.302216,82,
BANANA_1KG,2025-03-28 10:00:00,84,72.24718,84,
BANANA_1KG,2025-03-28 11:00:00,72,74.02418,72,
BANANA_1KG,2025-03-28 12:00:00,69,67.37225,69,
BANANA_1KG,2025-03-28 13:00:00,64,62.203457,64,
BANANA_1KG,2025-03-28 14:00:00,57,60.71313,57,
BANANA_1KG,2025-03-28 15:00:00,51,60.36249,51,
BANANA_1KG,2025-03-28 16:00:00,67,62.770607,67,
BANANA_1KG,2025-03-28 17:00:00,81,67.7393,81,
BANANA_1KG,2025-03-28 18:00:00,83,80.99487,83,
BANANA_1KG,2025-03-28 19:00:00,76,84.69864,76,
BANANA_1KG,2025-03-28 20:00:00,93,83.10828,93,
BANANA_1KG,2025-03-28 21:00:00,84,89.560974,84,
BANANA_1KG,2025-03-28 22:00:00,68,87.43238,68,
BANANA_1KG,2025-03-28 23:00:00,78,71.78862,78,
BANANA_1KG,2025-03-29 00:00:00,63,66.36972,63,
BANANA_1KG,2025-03-29 01:00:00,82,66.553635,82,
BANANA_1KG,2025-03-29 02:00:00,81,71.81815,81,
BANANA_1KG,2025-03-29 03:00:00,72,74.26812,72,
BANANA_1KG,2025-03-29 04:00:00,82,77.85757,82,
BANANA_1KG,2025-03-29 05:00:00,103,81.774345,103,
BANANA_1KG,2025-03-29 06:00:00,103,102.684975,103,
BANANA_1KG,2025-03-29 07:00:00,106,99.16084,106,
BANANA_1KG,2025-03-29 08:00:00,132,104.610695,132,
BANANA_1KG,2025-03-29 09:00:00,116,117.704605,116,
BANANA_1KG,2025-03-29 10:00:00,119,116.5833,119,
BANANA_1KG,2025-03-29 11:00:00,100,97.48433,100,
BANANA_1KG,2025-03-29 12:00:00,88,91.59053,88,
BANANA_1KG,2025-03-29 13:00:00,92,92.1547,92,
BANANA_1KG,2025-03-29 14:00:00,91,94.52912,91,
BANANA_1KG,2025-03-29 15:00:00,95,90.4016,95,
BANANA_1KG,2025-03-29 16:00:00,90,103.67506,90,
BANANA_1KG,2025-03-29 17:00:00,115,107.593925,115,
BANANA_1KG,2025-03-29 18:00:00,114,121.11668,114,
BANANA_1KG,2025-03-29 19:00:00,134,122.35877,134,
BANANA_1KG,2025-03-29 20:00:00,138,141.93483,138,
BANANA_1KG,2025-03-29 21:00:00,127,129.32333,127,
BANANA_1KG,2025-03-29 22:00:00,124,111.92894,124,
BANANA_1KG,2025-03-29 23:00:00,118,107.651695,118,
BANANA_1KG,2025-03-30 00:00:00,66,61.872044,66,
BANANA_1KG,2025-03-30 01:00:00,61,64.77029,61,
BANANA_1KG,2025-03-30 02:00:00,72,67.61648,72,
BANANA_1KG,2025-03-30 03:00:00,65,68.53959,65,
BANANA_1KG,2025-03-30 04:00:00,65,70.327034,65,
BANANA_1KG,2025-03-30 05:00:00,69,74.536674,69,
BANANA_1KG,2025-03-30 06:00:00,84,80.27681,84,
BANANA_1KG,2025-03-30 07:00:00,97,90.38255,97,
BANANA_1KG,2025-03-30 08:00:00,107,98.56827,107,
BANANA_1KG,2025-03-30 09:00:00,100,105.87299,100,
BANANA_1KG,2025-03-30 10:00:00,107,100.26693,107,
BANANA_1KG,2025-03-30 11:00:00,93,94.18998,93,
BANANA_1KG,2025-03-30 12:00:00,81,87.81455,81,
BANANA_1KG,2025-03-30 13:00:00,72,81.255226,72,
BANANA_1KG,2025-03-30 14:00:00,75,76.76587,75,
BANANA_1KG,2025-03-30 15:00:00,72,77.34987,72,
BANANA_1KG,2025-03-30 16:00:00,101,83.352936,101,
BANANA_1KG,2025-03-30 17:00:00,98,95.22375,98,
BANANA_1KG,2025-03-30 18:00:00,104,104.04002,104,
BANANA_1KG,2025-03-30 19:00:00,123,109.149376,123,
BANANA_1KG,2025-03-30 20:00:00,107,118.37447,107,
BANANA_1KG,2025-03-30 21:00:00,110,110.619026,110,
BANANA_1KG,2025-03-30 22:00:00,120,111.061485,120,
BANANA_1KG,2025-03-30 23:00:00,93,103.28879,93,
BANANA_1KG,2025-03-31 00:00:00,72,56.90134,72,
BANANA_1KG,2025-03-31 01:00:00,61,58.051064,61,
BANANA_1KG,2025-03-31 02:00:00,67,59.459896,67,
BANANA_1KG,2025-03-31 03:00:00,68,64.33978,68,
BANANA_1KG,2025-03-31 04:00:00,63,67.18387,63,
BANANA_1KG,2025-03-31 05:00:00,68,67.032104,68,
BANANA_1KG,2025-03-31 06:00:00,74,74.220604,74,
BANANA_1KG,2025-03-31 07:00:00,76,80.755394,76,
BANANA_1KG,2025-03-31 08:00:00,89,87.15083,89,
BANANA_1KG,2025-03-31 09:00:00,91,93.40533,91,
BANANA_1KG,2025-03-31 10:00:00,102,93.092636,102,
BANANA_1KG,2025-03-31 11:00:00,89,89.112144,89,
BANANA_1KG,2025-03-31 12:00:00,96,80.48586,96,
BANANA_1KG,2025-03-31 13:00:00,59,75.64935,59,
BANANA_1KG,2025-03-31 14:00:00,64,70.886765,64,
BANANA_1KG,2025-03-31 15:00:00,71,71.05586,71,
BANANA_1KG,2025-03-31 16:00:00,91,82.879005,91,
BANANA_1KG,2025-03-31 17:00:00,87,94.26964,87,
BANANA_1KG,2025-03-31 18:00:00,85,98.74411,85,
BANANA_1KG,2025-03-31 19:00:00,100,101.77329,100,
BANANA_1KG,2025-03-31 20:00:00,95,100.7354,95,
BANANA_1KG,2025-03-31 21:00:00,92,100.55743,92,
BANANA_1KG,2025-03-31 22:00:00,108,101.24088,108,
BANANA_1KG,2025-03-31 23:00:00,83,92.25199,83,
BREAD_WHITE,2025-03-15 09:00:00,140,132.23369,140,
BREAD_WHITE,2025-03-15 10:00:00,128,133.42575,128,
BREAD_WHITE,2025-03-15 11:00:00,95,123.94633,95,
BREAD_WHITE,2025-03-15 12:00:00,116,111.18288,116,
BREAD_WHITE,2025-03-15 13:00:00,109,112.28971,109,
BREAD_WHITE,2025-03-15 14:00:00,120,107.12207,120,
BREAD_WHITE,2025-03-15 15:00:00,116,119.007576,116,
BREAD_WHITE,2025-03-15 16:00:00,125,125.238014,125,
BREAD_WHITE,2025-03-15 17:00:00,118,130.84048,118,
BREAD_WHITE,2025-03-15 18:00:00,157,143.60358,157,
BREAD_WHITE,2025-03-15 19:00:00,144,149.80795,144,
BREAD_WHITE,2025-03-15 20:00:00,148,146.7409,148,
BREAD_WHITE,2025-03-15 21:00:00,128,145.69247,128,
BREAD_WHITE,2025-03-15 22:00:00,139,138.07301,139,
BREAD_WHITE,2025-03-15 23:00:00,114,131.14282,114,
BREAD_WHITE,2025-03-16 00:00:00,88,89.452896,88,
BREAD_WHITE,2025-03-16 01:00:00,77,90.53658,77,
BREAD_WHITE,2025-03-16 02:00:00,100,80.72337,100,
BREAD_WHITE,2025-03-16 03:00:00,94,92.82414,94,
BREAD_WHITE,2025-03-16 04:00:00,113,98.35035,113,
BREAD_WHITE,2025-03-16 05:00:00,100,107.92584,100,
BREAD_WHITE,2025-03-16 06:00:00,130,114.68728,130,
BREAD_WHITE,2025-03-16 07:00:00,118,135.5021,118,
BREAD_WHITE,2025-03-16 08:00:00,139,134.7954,139,
BREAD_WHITE,2025-03-16 09:00:00,136,147.87993,136,
BREAD_WHITE,2025-03-16 10:00:00,143,148.37535,143,
BREAD_WHITE,2025-03-16 11:00:00,131,129.36359,131,
BREAD_WHITE,2025-03-16 12:00:00,119,124.45127,119,
BREAD_WHITE,2025-03-16 13:00:00,107,113.461624,107,
BREAD_WHITE,2025-03-16 14:00:00,110,112.49876,110,
BREAD_WHITE,2025-03-16 15:00:00,115,121.73974,115,
BREAD_WHITE,2025-03-16 16:00:00,131,126.24086,131,
BREAD_WHITE,2025-03-16 17:00:00,138,140.04037,138,
BREAD_WHITE,2025-03-16 18:00:00,162,161.79771,162,
BREAD_WHITE,2025-03-16 19:00:00,148,163.35397,148,
BREAD_WHITE,2025-03-16 20:00:00,159,161.75365,159,
BREAD_WHITE,2025-03-16 21:00:00,162,151.267,162,
BREAD_WHITE,2025-03-16 22:00:00,150,149.29193,150,
BREAD_WHITE,2025-03-16 23:00:00,127,126.36963,127,
BREAD_WHITE,2025-03-17 00:00:00,83,77.15104,83,
BREAD_WHITE,2025-03-17 01:00:00,74,74.71399,74,
BREAD_WHITE,2025-03-17 02:00:00,74,72.66915,74,
BREAD_WHITE,2025-03-17 03:00:00,86,83.972046,86,
BREAD_WHITE,2025-03-17 04:00:00,91,92.12106,91,
BREAD_WHITE,2025-03-17 05:00:00,94,102.111725,94,
BREAD_WHITE,2025-03-17 06:00:00,103,110.09702,103,
BREAD_WHITE,2025-03-17 07:00:00,112,111.376884,112,
BREAD_WHITE,2025-03-17 08:00:00,123,124.092575,123,
BREAD_WHITE,2025-03-17 09:00:00,139,132.48111,139,
BREAD_WHITE,2025-03-17 10:00:00,133,130.74303,133,
BREAD_WHITE,2025-03-17 11:00:00,128,120.2035,128,
BREAD_WHITE,2025-03-17 12:00:00,115,112.42708,115,
BREAD_WHITE,2025-03-17 13:00:00,100,103.600136,100,
BREAD_WHITE,2025-03-17 14:00:00,90,101.10418,90,
BREAD_WHITE,2025-03-17 15:00:00,98,100.41363,98,
BREAD_WHITE,2025-03-17 16:00:00,107,116.495926,107,
BREAD_WHITE,2025-03-17 17:00:00,118,124.727036,118,
BREAD_WHITE,2025-03-17 18:00:00,143,134.71875,143,
BREAD_WHITE,2025-03-17 19:00:00,151,145.84392,151,
BREAD_WHITE,2025-03-17 20:00:00,164,147.3606,164,
BREAD_WHITE,2025-03-17 21:00:00,137,142.25313,137,
BREAD_WHITE,2025-03-17 22:00:00,144,128.92854,144,
BREAD_WHITE,2025-03-17 23:00:00,132,118.49628,132,
BREAD_WHITE,2025-03-18 00:00:00,73,80.2844,73,
BREAD_WHITE,2025-03-18 01:00:00,78,75.485504,78,
BREAD_WHITE,2025-03-18 02:00:00,85,75.76407,85,
BREAD_WHITE,2025-03-18 03:00:00,81,82.49892,81,
BREAD_WHITE,2025-03-18 04:00:00,85,85.818,85,
BREAD_WHITE,2025-03-18 05:00:00,91,94.3438,91,
BREAD_WHITE,2025-03-18 06:00:00,88,97.29851,88,
BREAD_WHITE,2025-03-18 07:00:00,114,103.42808,114,
BREAD_WHITE,2025-03-18 08:00:00,118,121.26261,118,
BREAD_WHITE,2025-03-18 09:00:00,123,133.6469,123,
BREAD_WHITE,2025-03-18 10:00:00,125,117.32758,125,
BREAD_WHITE,2025-03-18 11:00:00,108,121.133545,108,
BREAD_WHITE,2025-03-18 12:00:00,113,107.20501,113,
BREAD_WHITE,2025-03-18 13:00:00,105,100.64515,105,
BREAD_WHITE,2025-03-18 14:00:00,95,96.812485,95,
BREAD_WHITE,2025-03-18 15:00:00,101,100.20454,101,
BREAD_WHITE,2025-03-18 16:00:00,100,109.007706,100,
BREAD_WHITE,2025-03-18 17:00:00,91,114.697495,91,
BREAD_WHITE,2025-03-18 18:00:00,131,119.60637,131,
BREAD_WHITE,2025-03-18 19:00:00,142,141.42436,142,
BREAD_WHITE,2025-03-18 20:00:00,146,141.5792,146,
BREAD_WHITE,2025-03-18 21:00:00,138,137.89972,138,
BREAD_WHITE,2025-03-18 22:00:00,84,125.66122,84,
BREAD_WHITE,2025-03-18 23:00:00,124,105.40323,124,
BREAD_WHITE,2025-03-19 00:00:00,73,65.49489,73,
BREAD_WHITE,2025-03-19 01:00:00,65,66.03203,65,
BREAD_WHITE,2025-03-19 02:00:00,74,71.57435,74,
BREAD_WHITE,2025-03-19 03:00:00,83,70.35257,83,
BREAD_WHITE,2025-03-19 04:00:00,87,81.04275,87,
BREAD_WHITE,2025-03-19 05:00:00,85,83.18296,85,
BREAD_WHITE,2025-03-19 06:00:00,85,88.10974,85,
BREAD_WHITE,2025-03-19 07:00:00,96,101.24847,96,
BREAD_WHITE,2025-03-19 08:00:00,110,106.84899,110,
BREAD_WHITE,2025-03-19 09:00:00,125,110.84434,125,
BREAD_WHITE,2025-03-19 10:00:00,108,107.367226,108,
BREAD_WHITE,2025-03-19 11:00:00,104,99.96534,104,
BREAD_WHITE,2025-03-19 12:00:00,95,93.93648,95,
BREAD_WHITE,2025-03-19 13:00:00,90,93.92813,90,
BREAD_WHITE,2025-03-19 14:00:00,90,90.58189,90,
BREAD_WHITE,2025-03-19 15:00:00,83,92.120964,83,
BREAD_WHITE,2025-03-19 16:00:00,108,92.59573,108,
BREAD_WHITE,2025-03-19 17:00:00,110,101.25415,110,
BREAD_WHITE,2025-03-19 18:00:00,138,124.00209,138,
BREAD_WHITE,2025-03-19 19:00:00,119,129.38756,119,
BREAD_WHITE,2025-03-19 20:00:00,142,124.01187,142,
BREAD_WHITE,2025-03-19 21:00:00,137,127.75632,137,
BREAD_WHITE,2025-03-19 22:00:00,116,116.174446,116,
BREAD_WHITE,2025-03-19 23:00:00,105,105.040565,105,
BREAD_WHITE,2025-03-20 00:00:00,58,60.9973,58,
BREAD_WHITE,2025-03-20 01:00:00,58,62.474087,58,
BREAD_WHITE,2025-03-20 02:00:00,66,64.05248,66,
BREAD_WHITE,2025-03-20 03:00:00,70,74.69826,70,
BREAD_WHITE,2025-03-20 04:00:00,62,73.996826,62,
BREAD_WHITE,2025-03-20 05:00:00,96,73.31248,96,
BREAD_WHITE,2025-03-20 06:00:00,88,89.22244,88,
BREAD_WHITE,2025-03-20 07:00:00,99,95.91006,99,
BREAD_WHITE,2025-03-20 08:00:00,101,100.325455,101,
BREAD_WHITE,2025-03-20 09:00:00,104,99.6662,104,
BREAD_WHITE,2025-03-20 10:00:00,103,98.378624,103,
BREAD_WHITE,2025-03-20 11:00:00,100,97.9819,100,
BREAD_WHITE,2025-03-20 12:00:00,94,93.442245,94,
BREAD_WHITE,2025-03-20 13:00:00,92,87.54766,92,
BREAD_WHITE,2025-03-20 14:00:00,87,85.01642,87,
BREAD_WHITE,2025-03-20 15:00:00,91,85.1014,91,
BREAD_WHITE,2025-03-20 16:00:00,94,93.161415,94,
BREAD_WHITE,2025-03-20 17:00:00,104,99.40792,104,
BREAD_WHITE,2025-03-20 18:00:00,110,118.3265,110,
BREAD_WHITE,2025-03-20 19:00:00,127,119.69895,127,
BREAD_WHITE,2025-03-20 20:00:00,125,122.58229,125,
BREAD_WHITE,2025-03-20 21:00:00,86,120.97901,86,
BREAD_WHITE,2025-03-20 22:00:00,110,107.73852,110,
BREAD_WHITE,2025-03-20 23:00:00,100,102.38488,100,
BREAD_WHITE,2025-03-21 00:00:00,65,66.54565,65,
BREAD_WHITE,2025-03-21 01:00:00,64,62.54847,64,
BREAD_WHITE,2025-03-21 02:00:00,62,69.22526,62,
BREAD_WHITE,2025-03-21 03:00:00,75,71.1225,75,
BREAD_WHITE,2025-03-21 04:00:00,80,75.95285,80,
BREAD_WHITE,2025-03-21 05:00:00,93,84.90801,93,
BREAD_WHITE,2025-03-21 06:00:00,87,86.73817,87,
BREAD_WHITE,2025-03-21 07:00:00,103,98.790634,103,
BREAD_WHITE,2025-03-21 08:00:00,91,100.85707,91,
BREAD_WHITE,2025-03-21 09:00:00,114,101.90902,114,
BREAD_WHITE,2025-03-21 10:00:00,95,105.824104,95,
BREAD_WHITE,2025-03-21 11:00:00,93,99.35023,93,
BREAD_WHITE,2025-03-21 12:00:00,95,90.252335,95,
BREAD_WHITE,2025-03-21 13:00:00,83,90.38437,83,
BREAD_WHITE,2025-03-21 14:00:00,80,79.310524,80,
BREAD_WHITE,2025-03-21 15:00:00,83,85.05043,83,
BREAD_WHITE,2025-03-21 16:00:00,100,92.68125,100,
BREAD_WHITE,2025-03-21 17:00:00,97,103.88127,97,
BREAD_WHITE,2025-03-21 18:00:00,111,106.010925,111,
BREAD_WHITE,2025-03-21 19:00:00,119,115.58211,119,
BREAD_WHITE,2025-03-21 20:00:00,128,122.37406,128,
BREAD_WHITE,2025-03-21 21:00:00,124,114.91956,124,
BREAD_WHITE,2025-03-21 22:00:00,98,106.64967,98,
BREAD_WHITE,2025-03-21 23:00:00,108,86.12455,108,
BREAD_WHITE,2025-03-22 00:00:00,75,75.57278,75,
BREAD_WHITE,2025-03-22 01:00:00,80,73.49724,80,
BREAD_WHITE,2025-03-22 02:00:00,75,81.07979,75,
BREAD_WHITE,2025-03-22 03:00:00,91,88.987274,91,
BREAD_WHITE,2025-03-22 04:00:00,109,96.357155,109,
BREAD_WHITE,2025-03-22 05:00:00,101,107.25566,101,
BREAD_WHITE,2025-03-22 06:00:00,108,109.18948,108,
BREAD_WHITE,2025-03-22 07:00:00,119,119.77722,119,
BREAD_WHITE,2025-03-22 08:00:00,121,116.582466,121,
BREAD_WHITE,2025-03-22 09:00:00,141,127.63269,141,
BREAD_WHITE,2025-03-22 10:00:00,133,123.98603,133,
BREAD_WHITE,2025-03-22 11:00:00,115,107.960106,115,
BREAD_WHITE,2025-03-22 12:00:00,107,116.060165,107,
BREAD_WHITE,2025-03-22 13:00:00,110,107.14294,110,
BREAD_WHITE,2025-03-22 14:00:00,111,110.07294,111,
BREAD_WHITE,2025-03-22 15:00:00,98,113.0846,98,
BREAD_WHITE,2025-03-22 16:00:00,124,117.28477,124,
BREAD_WHITE,2025-03-22 17:00:00,126,120.835464,126,
BREAD_WHITE,2025-03-22 18:00:00,132,140.33534,132,
BREAD_WHITE,2025-03-22 19:00:00,153,147.10716,153,
BREAD_WHITE,2025-03-22 20:00:00,167,153.52975,167,
BREAD_WHITE,2025-03-22 21:00:00,136,144.25551,136,
BREAD_WHITE,2025-03-22 22:00:00,132,132.3564,132,
BREAD_WHITE,2025-03-22 23:00:00,136,126.915016,136,
BREAD_WHITE,2025-03-23 00:00:00,87,86.086464,87,
BREAD_WHITE,2025-03-23 01:00:00,81,81.256546,81,
BREAD_WHITE,2025-03-23 02:00:00,95,83.207054,95,
BREAD_WHITE,2025-03-23 03:00:00,100,98.19373,100,
BREAD_WHITE,2025-03-23 04:00:00,101,106.60371,101,
BREAD_WHITE,2025-03-23 05:00:00,103,106.81898,103,
BREAD_WHITE,2025-03-23 06:00:00,124,120.99651,124,
BREAD_WHITE,2025-03-23 07:00:00,133,125.92151,133,
BREAD_WHITE,2025-03-23 08:00:00,132,139.46928,132,
BREAD_WHITE,2025-03-23 09:00:00,153,135.16309,153,
BREAD_WHITE,2025-03-23 10:00:00,152,143.82378,152,
BREAD_WHITE,2025-03-23 11:00:00,132,132.80666,132,
BREAD_WHITE,2025-03-23 12:00:00,126,118.11754,126,
BREAD_WHITE,2025-03-23 13:00:00,125,116.16009,125,
BREAD_WHITE,2025-03-23 14:00:00,127,114.35622,127,
BREAD_WHITE,2025-03-23 15:00:00,127,118.09611,127,
BREAD_WHITE,2025-03-23 16:00:00,112,127.54166,112,
BREAD_WHITE,2025-03-23 17:00:00,135,132.92877,135,
BREAD_WHITE,2025-03-23 18:00:00,154,153.50473,154,
BREAD_WHITE,2025-03-23 19:00:00,156,158.43878,156,
BREAD_WHITE,2025-03-23 20:00:00,176,161.69884,176,
BREAD_WHITE,2025-03-23 21:00:00,170,163.11475,170,
BREAD_WHITE,2025-03-23 22:00:00,143,151.68498,143,
BREAD_WHITE,2025-03-23 23:00:00,133,128.29335,133,
BREAD_WHITE,2025-03-24 00:00:00,73,80.99331,73,
BREAD_WHITE,2025-03-24 01:00:00,77,74.70579,77,
BREAD_WHITE,2025-03-24 02:00:00,79,78.795876,79,
BREAD_WHITE,2025-03-24 03:00:00,91,87.61924,91,
BREAD_WHITE,2025-03-24 04:00:00,83,94.642975,83,
BREAD_WHITE,2025-03-24 05:00:00,79,93.176605,79,
BREAD_WHITE,2025-03-24 06:00:00,98,103.33608,98,
BREAD_WHITE,2025-03-24 07:00:00,111,115.26193,111,
BREAD_WHITE,2025-03-24 08:00:00,124,122.23174,124,
BREAD_WHITE,2025-03-24 09:00:00,131,133.8723,131,
BREAD_WHITE,2025-03-24 10:00:00,119,123.33288,119,
BREAD_WHITE,2025-03-24 11:00:00,113,117.15197,113,
BREAD_WHITE,2025-03-24 12:00:00,106,113.8806,106,
BREAD_WHITE,2025-03-24 13:00:00,99,105.01311,99,
BREAD_WHITE,2025-03-24 14:00:00,99,101.11846,99,
BREAD_WHITE,2025-03-24 15:00:00,104,109.16989,104,
BREAD_WHITE,2025-03-24 16:00:00,118,106.13327,118,
BREAD_WHITE,2025-03-24 17:00:00,118,124.538574,118,
BREAD_WHITE,2025-03-24 18:00:00,137,134.97617,137,
BREAD_WHITE,2025-03-24 19:00:00,143,142.2356,143,
BREAD_WHITE,2025-03-24 20:00:00,155,143.1535,155,
BREAD_WHITE,2025-03-24 21:00:00,145,139.60709,145,
BREAD_WHITE,2025-03-24 22:00:00,142,130.02864,142,
BREAD_WHITE,2025-03-24 23:00:00,114,119.135284,114,
BREAD_WHITE,2025-03-25 00:00:00,75,73.35468,75,
BREAD_WHITE,2025-03-25 01:00:00,71,71.66627,71,
BREAD_WHITE,2025-03-25 02:00:00,69,73.285416,69,
BREAD_WHITE,2025-03-25 03:00:00,81,78.51784,81,
BREAD_WHITE,2025-03-25 04:00:00,99,83.27078,99,
BREAD_WHITE,2025-03-25 05:00:00,89,93.66815,89,
BREAD_WHITE,2025-03-25 06:00:00,104,95.94511,104,
BREAD_WHITE,2025-03-25 07:00:00,108,108.95984,108,
BREAD_WHITE,2025-03-25 08:00:00,113,116.52469,113,
BREAD_WHITE,2025-03-25 09:00:00,121,120.33792,121,
BREAD_WHITE,2025-03-25 10:00:00,127,116.44536,127,
BREAD_WHITE,2025-03-25 11:00:00,114,110.82806,114,
BREAD_WHITE,2025-03-25 12:00:00,111,110.287766,111,
BREAD_WHITE,2025-03-25 13:00:00,90,101.13442,90,
BREAD_WHITE,2025-03-25 14:00:00,95,98.64369,95,
BREAD_WHITE,2025-03-25 15:00:00,106,101.302635,106,
BREAD_WHITE,2025-03-25 16:00:00,99,106.125534,99,
BREAD_WHITE,2025-03-25 17:00:00,118,107.661385,118,
BREAD_WHITE,2025-03-25 18:00:00,135,128.12642,135,
BREAD_WHITE,2025-03-25 19:00:00,136,142.0442,136,
BREAD_WHITE,2025-03-25 20:00:00,145,137.24821,145,
BREAD_WHITE,2025-03-25 21:00:00,131,137.95418,131,
BREAD_WHITE,2025-03-25 22:00:00,138,116.2715,138,
BREAD_WHITE,2025-03-25 23:00:00,120,116.935005,120,
BREAD_WHITE,2025-03-26 00:00:00,70,65.709145,70,
BREAD_WHITE,2025-03-26 01:00:00,78,68.99184,78,
BREAD_WHITE,2025-03-26 02:00:00,69,71.20321,69,
BREAD_WHITE,2025-03-26 03:00:00,70,70.41391,70,
BREAD_WHITE,2025-03-26 04:00:00,90,79.16481,90,
BREAD_WHITE,2025-03-26 05:00:00,101,88.381805,101,
BREAD_WHITE,2025-03-26 06:00:00,92,94.46309,92,
BREAD_WHITE,2025-03-26 07:00:00,105,99.331985,105,
BREAD_WHITE,2025-03-26 08:00:00,122,106.639565,122,
BREAD_WHITE,2025-03-26 09:00:00,116,120.068954,116,
BREAD_WHITE,2025-03-26 10:00:00,118,114.142815,118,
BREAD_WHITE,2025-03-26 11:00:00,118,106.96432,118,
BREAD_WHITE,2025-03-26 12:00:00,101,105.909775,101,
BREAD_WHITE,2025-03-26 13:00:00,97,91.782166,97,
BREAD_WHITE,2025-03-26 14:00:00,91,92.13351,91,
BREAD_WHITE,2025-03-26 15:00:00,86,93.40798,86,
BREAD_WHITE,2025-03-26 16:00:00,95,96.53386,95,
BREAD_WHITE,2025-03-26 17:00:00,108,107.60534,108,
BREAD_WHITE,2025-03-26 18:00:00,134,133.00284,134,
BREAD_WHITE,2025-03-26 19:00:00,136,128.65346,136,
BREAD_WHITE,2025-03-26 20:00:00,138,134.07097,138,
BREAD_WHITE,2025-03-26 21:00:00,131,131.5607,131,
BREAD_WHITE,2025-03-26 22:00:00,125,122.777885,125,
BREAD_WHITE,2025-03-26 23:00:00,112,110.379234,112,
BREAD_WHITE,2025-03-27 00:00:00,67,57.99902,67,
BREAD_WHITE,2025-03-27 01:00:00,68,62.08102,68,
BREAD_WHITE,2025-03-27 02:00:00,56,63.812862,56,
BREAD_WHITE,2025-03-27 03:00:00,65,71.203,65,
BREAD_WHITE,2025-03-27 04:00:00,68,75.415016,68,
BREAD_WHITE,2025-03-27 05:00:00,91,91.789696,91,
BREAD_WHITE,2025-03-27 06:00:00,102,85.95971,102,
BREAD_WHITE,2025-03-27 07:00:00,84,99.168564,84,
BREAD_WHITE,2025-03-27 08:00:00,118,100.3184,118,
BREAD_WHITE,2025-03-27 09:00:00,109,107.48036,109,
BREAD_WHITE,2025-03-27 10:00:00,114,101.68866,114,
BREAD_WHITE,2025-03-27 11:00:00,107,98.8813,107,
BREAD_WHITE,2025-03-27 12:00:00,105,99.58023,105,
BREAD_WHITE,2025-03-27 13:00:00,88,91.194115,88,
BREAD_WHITE,2025-03-27 14:00:00,80,89.21634,80,
BREAD_WHITE,2025-03-27 15:00:00,56,84.317,56,
BREAD_WHITE,2025-03-27 16:00:00,98,89.640366,98,
BREAD_WHITE,2025-03-27 17:00:00,103,104.51815,103,
BREAD_WHITE,2025-03-27 18:00:00,118,114.596985,118,
BREAD_WHITE,2025-03-27 19:00:00,121,122.78491,121,
BREAD_WHITE,2025-03-27 20:00:00,120,123.7596,120,
BREAD_WHITE,2025-03-27 21:00:00,112,108.61369,112,
BREAD_WHITE,2025-03-27 22:00:00,109,107.81533,109,
BREAD_WHITE,2025-03-27 23:00:00,103,99.40114,103,
BREAD_WHITE,2025-03-28 00:00:00,51,63.241486,51,
BREAD_WHITE,2025-03-28 01:00:00,61,64.8173,61,
BREAD_WHITE,2025-03-28 02:00:00,52,65.37399,52,
BREAD_WHITE,2025-03-28 03:00:00,65,71.55375,65,
BREAD_WHITE,2025-03-28 04:00:00,83,77.06026,83,
BREAD_WHITE,2025-03-28 05:00:00,79,88.486595,79,
BREAD_WHITE,2025-03-28 06:00:00,95,89.07134,95,
BREAD_WHITE,2025-03-28 07:00:00,121,99.710556,121,
BREAD_WHITE,2025-03-28 08:00:00,117,112.629265,117,
BREAD_WHITE,2025-03-28 09:00:00,110,109.3591,110,
BREAD_WHITE,2025-03-28 10:00:00,113,102.55521,113,
BREAD_WHITE,2025-03-28 11:00:00,92,98.762024,92,
BREAD_WHITE,2025-03-28 12:00:00,83,96.04995,83,
BREAD_WHITE,2025-03-28 13:00:00,88,83.556465,88,
BREAD_WHITE,2025-03-28 14:00:00,89,82.88788,89,
BREAD_WHITE,2025-03-28 15:00:00,98,84.96635,98,
BREAD_WHITE,2025-03-28 16:00:00,90,96.75439,90,
BREAD_WHITE,2025-03-28 17:00:00,105,99.365074,105,
BREAD_WHITE,2025-03-28 18:00:00,115,112.89938,115,
BREAD_WHITE,2025-03-28 19:00:00,120,117.177826,120,
BREAD_WHITE,2025-03-28 20:00:00,122,122.55481,122,
BREAD_WHITE,2025-03-28 21:00:00,119,120.95204,119,
BREAD_WHITE,2025-03-28 22:00:00,121,104.91379,121,
BREAD_WHITE,2025-03-28 23:00:00,104,103.36817,104,
BREAD_WHITE,2025-03-29 00:00:00,97,88.67573,97,
BREAD_WHITE,2025-03-29 01:00:00,105,96.27089,105,
BREAD_WHITE,2025-03-29 02:00:00,113,94.10855,113,
BREAD_WHITE,2025-03-29 03:00:00,111,108.98418,111,
BREAD_WHITE,2025-03-29 04:00:00,107,121.41193,107,
BREAD_WHITE,2025-03-29 05:00:00,126,113.40353,126,
BREAD_WHITE,2025-03-29 06:00:00,132,133.34631,132,
BREAD_WHITE,2025-03-29 07:00:00,152,150.8843,152,
BREAD_WHITE,2025-03-29 08:00:00,155,153.12834,155,
BREAD_WHITE,2025-03-29 09:00:00,176,156.18805,176,
BREAD_WHITE,2025-03-29 10:00:00,171,159.6018,171,
BREAD_WHITE,2025-03-29 11:00:00,162,143.59924,162,
BREAD_WHITE,2025-03-29 12:00:00,151,138.8659,151,
BREAD_WHITE,2025-03-29 13:00:00,134,136.94328,134,
BREAD_WHITE,2025-03-29 14:00:00,129,132.36845,129,
BREAD_WHITE,2025-03-29 15:00:00,146,127.93029,146,
BREAD_WHITE,2025-03-29 16:00:00,144,148.98691,144,
BREAD_WHITE,2025-03-29 17:00:00,150,155.7579,150,
BREAD_WHITE,2025-03-29 18:00:00,180,162.84521,180,
BREAD_WHITE,2025-03-29 19:00:00,188,189.60863,188,
BREAD_WHITE,2025-03-29 20:00:00,201,188.64612,201,
BREAD_WHITE,2025-03-29 21:00:00,190,178.01222,190,
BREAD_WHITE,2025-03-29 22:00:00,188,166.90097,188,
BREAD_WHITE,2025-03-29 23:00:00,166,157.60452,166,
BREAD_WHITE,2025-03-30 00:00:00,75,92.326515,75,
BREAD_WHITE,2025-03-30 01:00:00,83,79.94101,83,
BREAD_WHITE,2025-03-30 02:00:00,83,87.309425,83,
BREAD_WHITE,2025-03-30 03:00:00,78,91.3998,78,
BREAD_WHITE,2025-03-30 04:00:00,106,93.47528,106,
BREAD_WHITE,2025-03-30 05:00:00,105,108.25142,105,
BREAD_WHITE,2025-03-30 06:00:00,129,120.94463,129,
BREAD_WHITE,2025-03-30 07:00:00,135,139.45425,135,
BREAD_WHITE,2025-03-30 08:00:00,145,141.7818,145,
BREAD_WHITE,2025-03-30 09:00:00,142,156.73961,142,
BREAD_WHITE,2025-03-30 10:00:00,138,150.89326,138,
BREAD_WHITE,2025-03-30 11:00:00,137,128.24316,137,
BREAD_WHITE,2025-03-30 12:00:00,132,127.16073,132,
BREAD_WHITE,2025-03-30 13:00:00,117,123.65175,117,
BREAD_WHITE,2025-03-30 14:00:00,108,116.407875,108,
BREAD_WHITE,2025-03-30 15:00:00,109,121.83214,109,
BREAD_WHITE,2025-03-30 16:00:00,127,122.365036,127,
BREAD_WHITE,2025-03-30 17:00:00,134,138.54688,134,
BREAD_WHITE,2025-03-30 18:00:00,151,154.49722,151,
BREAD_WHITE,2025-03-30 19:00:00,158,156.76476,158,
BREAD_WHITE,2025-03-30 20:00:00,164,170.60466,164,
BREAD_WHITE,2025-03-30 21:00:00,163,154.09961,163,
BREAD_WHITE,2025-03-30 22:00:00,157,150.11935,157,
BREAD_WHITE,2025-03-30 23:00:00,150,136.7717,150,
BREAD_WHITE,2025-03-31 00:00:00,84,77.30414,84,
BREAD_WHITE,2025-03-31 01:00:00,91,77.15595,91,
BREAD_WHITE,2025-03-31 02:00:00,77,84.417786,77,
BREAD_WHITE,2025-03-31 03:00:00,73,79.68758,73,
BREAD_WHITE,2025-03-31 04:00:00,91,81.94717,91,
BREAD_WHITE,2025-03-31 05:00:00,109,93.129875,109,
BREAD_WHITE,2025-03-31 06:00:00,113,109.471855,113,
BREAD_WHITE,2025-03-31 07:00:00,129,117.3624,129,
BREAD_WHITE,2025-03-31 08:00:00,111,129.42773,111,
BREAD_WHITE,2025-03-31 09:00:00,141,125.66355,141,
BREAD_WHITE,2025-03-31 10:00:00,132,129.65964,132,
BREAD_WHITE,2025-03-31 11:00:00,111,119.318504,111,
BREAD_WHITE,2025-03-31 12:00:00,119,114.417336,119,
BREAD_WHITE,2025-03-31 13:00:00,108,106.92185,108,
BREAD_WHITE,2025-03-31 14:00:00,107,100.84001,107,
BREAD_WHITE,2025-03-31 15:00:00,114,105.74808,114,
BREAD_WHITE,2025-03-31 16:00:00,119,115.7004,119,
BREAD_WHITE,2025-03-31 17:00:00,117,127.07418,117,
BREAD_WHITE,2025-03-31 18:00:00,137,136.61082,137,
BREAD_WHITE,2025-03-31 19:00:00,135,142.71194,135,
BREAD_WHITE,2025-03-31 20:00:00,154,147.40987,154,
BREAD_WHITE,2025-03-31 21:00:00,157,144.39703,157,
BREAD_WHITE,2025-03-31 22:00:00,127,141.83226,127,
BREAD_WHITE,2025-03-31 23:00:00,119,124.22462,119,
EGGS_12,2025-03-15 09:00:00,126,116.10175,126,
EGGS_12,2025-03-15 10:00:00,103,120.725395,103,
EGGS_12,2025-03-15 11:00:00,108,108.13895,108,
EGGS_12,2025-03-15 12:00:00,100,109.64439,100,
EGGS_12,2025-03-15 13:00:00,88,96.26835,88,
EGGS_12,2025-03-15 14:00:00,80,88.62671,80,
EGGS_12,2025-03-15 15:00:00,91,85.44704,91,
EGGS_12,2025-03-15 16:00:00,111,100.62636,111,
EGGS_12,2025-03-15 17:00:00,107,115.06725,107,
EGGS_12,2025-03-15 18:00:00,114,120.349365,114,
EGGS_12,2025-03-15 19:00:00,122,123.92582,122,
EGGS_12,2025-03-15 20:00:00,118,127.46955,118,
EGGS_12,2025-03-15 21:00:00,121,123.05865,121,
EGGS_12,2025-03-15 22:00:00,120,112.25555,120,
EGGS_12,2025-03-15 23:00:00,98,108.29126,98,
EGGS_12,2025-03-16 00:00:00,49,68.164406,49,
EGGS_12,2025-03-16 01:00:00,74,68.847466,74,
EGGS_12,2025-03-16 02:00:00,71,74.454254,71,
EGGS_12,2025-03-16 03:00:00,71,72.99324,71,
EGGS_12,2025-03-16 04:00:00,77,78.04201,77,
EGGS_12,2025-03-16 05:00:00,93,81.67519,93,
EGGS_12,2025-03-16 06:00:00,98,97.32589,98,
EGGS_12,2025-03-16 07:00:00,117,103.76341,117,
EGGS_12,2025-03-16 08:00:00,123,122.11477,123,
EGGS_12,2025-03-16 09:00:00,117,119.77656,117,
EGGS_12,2025-03-16 10:00:00,120,122.16015,120,
EGGS_12,2025-03-16 11:00:00,115,116.14461,115,
EGGS_12,2025-03-16 12:00:00,105,103.532166,105,
EGGS_12,2025-03-16 13:00:00,86,95.1699,86,
EGGS_12,2025-03-16 14:00:00,109,91.05209,109,
EGGS_12,2025-03-16 15:00:00,102,100.400925,102,
EGGS_12,2025-03-16 16:00:00,101,102.28515,101,
EGGS_12,2025-03-16 17:00:00,101,107.932724,101,
EGGS_12,2025-03-16 18:00:00,129,120.10964,129,
EGGS_12,2025-03-16 19:00:00,130,129.91615,130,
EGGS_12,2025-03-16 20:00:00,136,136.99297,136,
EGGS_12,2025-03-16 21:00:00,118,128.5235,118,
EGGS_12,2025-03-16 22:00:00,122,115.95029,122,
EGGS_12,2025-03-16 23:00:00,110,111.259415,110,
EGGS_12,2025-03-17 00:00:00,64,66.52346,64,
EGGS_12,2025-03-17 01:00:00,64,65.692444,64,
EGGS_12,2025-03-17 02:00:00,68,66.915054,68,
EGGS_12,2025-03-17 03:00:00,81,67.516304,81,
EGGS_12,2025-03-17 04:00:00,73,76.74381,73,
EGGS_12,2025-03-17 05:00:00,77,79.50374,77,
EGGS_12,2025-03-17 06:00:00,79,86.75802,79,
EGGS_12,2025-03-17 07:00:00,98,101.72028,98,
EGGS_12,2025-03-17 08:00:00,96,104.66453,96,
EGGS_12,2025-03-17 09:00:00,118,108.12022,118,
EGGS_12,2025-03-17 10:00:00,111,112.60333,111,
EGGS_12,2025-03-17 11:00:00,109,96.75582,109,
EGGS_12,2025-03-17 12:00:00,105,95.26815,105,
EGGS_12,2025-03-17 13:00:00,82,88.818665,82,
EGGS_12,2025-03-17 14:00:00,84,83.9149,84,
EGGS_12,2025-03-17 15:00:00,98,84.310555,98,
EGGS_12,2025-03-17 16:00:00,96,96.41331,96,
EGGS_12,2025-03-17 17:00:00,108,97.76911,108,
EGGS_12,2025-03-17 18:00:00,122,113.7141,122,
EGGS_12,2025-03-17 19:00:00,128,123.22027,128,
EGGS_12,2025-03-17 20:00:00,128,131.84692,128,
EGGS_12,2025-03-17 21:00:00,130,128.75232,130,
EGGS_12,2025-03-17 22:00:00,112,113.19467,112,
EGGS_12,2025-03-17 23:00:00,106,103.46259,106,
EGGS_12,2025-03-18 00:00:00,62,64.51739,62,
EGGS_12,2025-03-18 01:00:00,70,59.621773,70,
EGGS_12,2025-03-18 02:00:00,60,66.6783,60,
EGGS_12,2025-03-18 03:00:00,57,67.44773,57,
EGGS_12,2025-03-18 04:00:00,77,73.61998,77,
EGGS_12,2025-03-18 05:00:00,74,77.99166,74,
EGGS_12,2025-03-18 06:00:00,81,82.34248,81,
EGGS_12,2025-03-18 07:00:00,105,89.32486,105,
EGGS_12,2025-03-18 08:00:00,110,101.901375,110,
EGGS_12,2025-03-18 09:00:00,108,111.30948,108,
EGGS_12,2025-03-18 10:00:00,82,99.27555,82,
EGGS_12,2025-03-18 11:00:00,104,90.73683,104,
EGGS_12,2025-03-18 12:00:00,96,92.31437,96,
EGGS_12,2025-03-18 13:00:00,89,82.89862,89,
EGGS_12,2025-03-18 14:00:00,86,84.86852,86,
EGGS_12,2025-03-18 15:00:00,84,83.498245,84,
EGGS_12,2025-03-18 16:00:00,89,92.17825,89,
EGGS_12,2025-03-18 17:00:00,93,94.69406,93,
EGGS_12,2025-03-18 18:00:00,105,107.30462,105,
EGGS_12,2025-03-18 19:00:00,121,118.24804,121,
EGGS_12,2025-03-18 20:00:00,123,127.57729,123,
EGGS_12,2025-03-18 21:00:00,126,124.99713,126,
EGGS_12,2025-03-18 22:00:00,99,113.42112,99,
EGGS_12,2025-03-18 23:00:00,88,97.645805,88,
EGGS_12,2025-03-19 00:00:00,55,56.204754,55,
EGGS_12,2025-03-19 01:00:00,51,56.621674,51,
EGGS_12,2025-03-19 02:00:00,61,56.576244,61,
EGGS_12,2025-03-19 03:00:00,53,58.573116,53,
EGGS_12,2025-03-19 04:00:00,75,68.09698,75,
EGGS_12,2025-03-19 05:00:00,70,74.82644,70,
EGGS_12,2025-03-19 06:00:00,92,74.1686,92,
EGGS_12,2025-03-19 07:00:00,93,92.03781,93,
EGGS_12,2025-03-19 08:00:00,87,92.02696,87,
EGGS_12,2025-03-19 09:00:00,112,95.80862,112,
EGGS_12,2025-03-19 10:00:00,97,90.12127,97,
EGGS_12,2025-03-19 11:00:00,92,88.61034,92,
EGGS_12,2025-03-19 12:00:00,83,80.53739,83,
EGGS_12,2025-03-19 13:00:00,83,79.824135,83,
EGGS_12,2025-03-19 14:00:00,80,73.995346,80,
EGGS_12,2025-03-19 15:00:00,72,74.61146,72,
EGGS_12,2025-03-19 16:00:00,84,88.31654,84,
EGGS_12,2025-03-19 17:00:00,95,91.560326,95,
EGGS_12,2025-03-19 18:00:00,106,100.10257,106,
EGGS_12,2025-03-19 19:00:00,112,106.78464,112,
EGGS_12,2025-03-19 20:00:00,112,109.76231,112,
EGGS_12,2025-03-19 21:00:00,104,114.11287,104,
EGGS_12,2025-03-19 22:00:00,96,93.6131,96,
EGGS_12,2025-03-19 23:00:00,83,82.08305,83,
EGGS_12,2025-03-20 00:00:00,59,57.279774,59,
EGGS_12,2025-03-20 01:00:00,51,57.05873,51,
EGGS_12,2025-03-20 02:00:00,55,54.092274,55,
EGGS_12,2025-03-20 03:00:00,60,58.628044,60,
EGGS_12,2025-03-20 04:00:00,62,60.417667,62,
EGGS_12,2025-03-20 05:00:00,68,64.51734,68,
EGGS_12,2025-03-20 06:00:00,69,80.766914,69,
EGGS_12,2025-03-20 07:00:00,85,83.166115,85,
EGGS_12,2025-03-20 08:00:00,87,89.09116,87,
EGGS_12,2025-03-20 09:00:00,89,91.75477,89,
EGGS_12,2025-03-20 10:00:00,97,86.046196,97,
EGGS_12,2025-03-20 11:00:00,88,82.34555,88,
EGGS_12,2025-03-20 12:00:00,76,79.44207,76,
EGGS_12,2025-03-20 13:00:00,72,72.19299,72,
EGGS_12,2025-03-20 14:00:00,83,69.0318,83,
EGGS_12,2025-03-20 15:00:00,71,72.63666,71,
EGGS_12,2025-03-20 16:00:00,80,80.67894,80,
EGGS_12,2025-03-20 17:00:00,91,88.51014,91,
EGGS_12,2025-03-20 18:00:00,96,98.50161,96,
EGGS_12,2025-03-20 19:00:00,99,104.644615,99,
EGGS_12,2025-03-20 20:00:00,99,106.38533,99,
EGGS_12,2025-03-20 21:00:00,102,102.73274,102,
EGGS_12,2025-03-20 22:00:00,99,93.473236,99,
EGGS_12,2025-03-20 23:00:00,94,88.55559,94,
EGGS_12,2025-03-21 00:00:00,44,55.282024,44,
EGGS_12,2025-03-21 01:00:00,67,52.312225,67,
EGGS_12,2025-03-21 02:00:00,54,57.36646,54,
EGGS_12,2025-03-21 03:00:00,65,57.484715,65,
EGGS_12,2025-03-21 04:00:00,57,59.849323,57,
EGGS_12,2025-03-21 05:00:00,57,65.84581,57,
EGGS_12,2025-03-21 06:00:00,68,69.84507,68,
EGGS_12,2025-03-21 07:00:00,81,76.44586,81,
EGGS_12,2025-03-21 08:00:00,92,86.6427,92,
EGGS_12,2025-03-21 09:00:00,91,93.75315,91,
EGGS_12,2025-03-21 10:00:00,87,90.17306,87,
EGGS_12,2025-03-21 11:00:00,92,86.92208,92,
EGGS_12,2025-03-21 12:00:00,79,85.91416,79,
EGGS_12,2025-03-21 13:00:00,75,69.764114,75,
EGGS_12,2025-03-21 14:00:00,94,69.39918,94,
EGGS_12,2025-03-21 15:00:00,73,74.60224,73,
EGGS_12,2025-03-21 16:00:00,75,73.85291,75,
EGGS_12,2025-03-21 17:00:00,91,85.79649,91,
EGGS_12,2025-03-21 18:00:00,100,95.56342,100,
EGGS_12,2025-03-21 19:00:00,105,101.51936,105,
EGGS_12,2025-03-21 20:00:00,105,104.14099,105,
EGGS_12,2025-03-21 21:00:00,111,96.42594,111,
EGGS_12,2025-03-21 22:00:00,104,97.19402,104,
EGGS_12,2025-03-21 23:00:00,85,88.30631,85,
EGGS_12,2025-03-22 00:00:00,62,66.587975,62,
EGGS_12,2025-03-22 01:00:00,70,66.44406,70,
EGGS_12,2025-03-22 02:00:00,65,71.084724,65,
EGGS_12,2025-03-22 03:00:00,81,72.04189,81,
EGGS_12,2025-03-22 04:00:00,80,77.034515,80,
EGGS_12,2025-03-22 05:00:00,103,84.893555,103,
EGGS_12,2025-03-22 06:00:00,105,97.03557,105,
EGGS_12,2025-03-22 07:00:00,95,105.99716,95,
EGGS_12,2025-03-22 08:00:00,107,110.50097,107,
EGGS_12,2025-03-22 09:00:00,98,113.00119,98,
EGGS_12,2025-03-22 10:00:00,95,101.8862,95,
EGGS_12,2025-03-22 11:00:00,105,97.850395,105,
EGGS_12,2025-03-22 12:00:00,88,99.46653,88,
EGGS_12,2025-03-22 13:00:00,105,90.464714,105,
EGGS_12,2025-03-22 14:00:00,97,94.25264,97,
EGGS_12,2025-03-22 15:00:00,87,93.153946,87,
EGGS_12,2025-03-22 16:00:00,96,97.29603,96,
EGGS_12,2025-03-22 17:00:00,117,105.06194,117,
EGGS_12,2025-03-22 18:00:00,129,122.49069,129,
EGGS_12,2025-03-22 19:00:00,126,125.45788,126,
EGGS_12,2025-03-22 20:00:00,123,123.729034,123,
EGGS_12,2025-03-22 21:00:00,121,121.391754,121,
EGGS_12,2025-03-22 22:00:00,119,114.766075,119,
EGGS_12,2025-03-22 23:00:00,106,101.60439,106,
EGGS_12,2025-03-23 00:00:00,76,66.7143,76,
EGGS_12,2025-03-23 01:00:00,87,72.35761,87,
EGGS_12,2025-03-23 02:00:00,65,77.33195,65,
EGGS_12,2025-03-23 03:00:00,75,66.74172,75,
EGGS_12,2025-03-23 04:00:00,74,71.15045,74,
EGGS_12,2025-03-23 05:00:00,85,83.03539,85,
EGGS_12,2025-03-23 06:00:00,105,99.24249,105,
EGGS_12,2025-03-23 07:00:00,105,109.58812,105,
EGGS_12,2025-03-23 08:00:00,123,113.32162,123,
EGGS_12,2025-03-23 09:00:00,123,118.0124,123,
EGGS_12,2025-03-23 10:00:00,121,115.60063,121,
EGGS_12,2025-03-23 11:00:00,111,115.30523,111,
EGGS_12,2025-03-23 12:00:00,103,102.95713,103,
EGGS_12,2025-03-23 13:00:00,96,93.22177,96,
EGGS_12,2025-03-23 14:00:00,94,92.64518,94,
EGGS_12,2025-03-23 15:00:00,101,93.67289,101,
EGGS_12,2025-03-23 16:00:00,92,103.157135,92,
EGGS_12,2025-03-23 17:00:00,118,106.91773,118,
EGGS_12,2025-03-23 18:00:00,121,128.987,121,
EGGS_12,2025-03-23 19:00:00,133,129.90811,133,
EGGS_12,2025-03-23 20:00:00,128,135.02087,128,
EGGS_12,2025-03-23 21:00:00,132,124.21833,132,
EGGS_12,2025-03-23 22:00:00,127,121.13235,127,
EGGS_12,2025-03-23 23:00:00,117,113.775055,117,
EGGS_12,2025-03-24 00:00:00,58,60.303795,58,
EGGS_12,2025-03-24 01:00:00,69,61.7952,69,
EGGS_12,2025-03-24 02:00:00,76,66.00295,76,
EGGS_12,2025-03-24 03:00:00,68,73.72948,68,
EGGS_12,2025-03-24 04:00:00,76,75.0549,76,
EGGS_12,2025-03-24 05:00:00,68,74.16589,68,
EGGS_12,2025-03-24 06:00:00,86,81.54023,86,
EGGS_12,2025-03-24 07:00:00,102,96.34112,102,
EGGS_12,2025-03-24 08:00:00,115,105.62425,115,
EGGS_12,2025-03-24 09:00:00,106,112.15896,106,
EGGS_12,2025-03-24 10:00:00,126,104.185715,126,
EGGS_12,2025-03-24 11:00:00,105,102.210594,105,
EGGS_12,2025-03-24 12:00:00,86,94.76138,86,
EGGS_12,2025-03-24 13:00:00,99,84.964035,99,
EGGS_12,2025-03-24 14:00:00,78,88.306656,78,
EGGS_12,2025-03-24 15:00:00,94,85.541916,94,
EGGS_12,2025-03-24 16:00:00,90,95.71644,90,
EGGS_12,2025-03-24 17:00:00,96,97.61889,96,
EGGS_12,2025-03-24 18:00:00,124,111.01897,124,
EGGS_12,2025-03-24 19:00:00,122,127.249725,122,
EGGS_12,2025-03-24 20:00:00,138,126.71615,138,
EGGS_12,2025-03-24 21:00:00,116,123.17693,116,
EGGS_12,2025-03-24 22:00:00,103,112.52143,103,
EGGS_12,2025-03-24 23:00:00,100,100.14089,100,
EGGS_12,2025-03-25 00:00:00,84,63.059906,84,
EGGS_12,2025-03-25 01:00:00,70,67.64284,70,
EGGS_12,2025-03-25 02:00:00,69,66.890175,69,
EGGS_12,2025-03-25 03:00:00,73,68.54513,73,
EGGS_12,2025-03-25 04:00:00,70,74.01699,70,
EGGS_12,2025-03-25 05:00:00,100,76.32905,100,
EGGS_12,2025-03-25 06:00:00,92,88.57141,92,
EGGS_12,2025-03-25 07:00:00,102,101.76947,102,
EGGS_12,2025-03-25 08:00:00,111,106.50104,111,
EGGS_12,2025-03-25 09:00:00,98,105.9562,98,
EGGS_12,2025-03-25 10:00:00,104,101.61323,104,
EGGS_12,2025-03-25 11:00:00,97,97.54252,97,
EGGS_12,2025-03-25 12:00:00,102,95.52411,102,
EGGS_12,2025-03-25 13:00:00,77,88.44243,77,
EGGS_12,2025-03-25 14:00:00,84,78.10171,84,
EGGS_12,2025-03-25 15:00:00,85,86.62244,85,
EGGS_12,2025-03-25 16:00:00,81,89.38177,81,
EGGS_12,2025-03-25 17:00:00,98,100.00723,98,
EGGS_12,2025-03-25 18:00:00,116,110.79534,116,
EGGS_12,2025-03-25 19:00:00,109,119.56962,109,
EGGS_12,2025-03-25 20:00:00,131,122.18184,131,
EGGS_12,2025-03-25 21:00:00,123,127.97123,123,
EGGS_12,2025-03-25 22:00:00,114,107.149506,114,
EGGS_12,2025-03-25 23:00:00,100,97.23578,100,
EGGS_12,2025-03-26 00:00:00,51,55.36696,51,
EGGS_12,2025-03-26 01:00:00,55,57.15492,55,
EGGS_12,2025-03-26 02:00:00,63,60.61937,63,
EGGS_12,2025-03-26 03:00:00,58,60.291332,58,
EGGS_12,2025-03-26 04:00:00,69,68.16704,69,
EGGS_12,2025-03-26 05:00:00,68,76.06848,68,
EGGS_12,2025-03-26 06:00:00,85,82.3583,85,
EGGS_12,2025-03-26 07:00:00,94,92.647255,94,
EGGS_12,2025-03-26 08:00:00,86,95.58018,86,
EGGS_12,2025-03-26 09:00:00,99,91.65331,99,
EGGS_12,2025-03-26 10:00:00,86,95.58948,86,
EGGS_12,2025-03-26 11:00:00,82,89.532005,82,
EGGS_12,2025-03-26 12:00:00,85,91.43049,85,
EGGS_12,2025-03-26 13:00:00,100,75.784,100,
EGGS_12,2025-03-26 14:00:00,83,79.661224,83,
EGGS_12,2025-03-26 15:00:00,89,75.139206,89,
EGGS_12,2025-03-26 16:00:00,91,85.20111,91,
EGGS_12,2025-03-26 17:00:00,96,93.38023,96,
EGGS_12,2025-03-26 18:00:00,78,110.97416,78,
EGGS_12,2025-03-26 19:00:00,105,99.613686,105,
EGGS_12,2025-03-26 20:00:00,116,115.09473,116,
EGGS_12,2025-03-26 21:00:00,117,108.04035,117,
EGGS_12,2025-03-26 22:00:00,108,101.91909,108,
EGGS_12,2025-03-26 23:00:00,102,91.825806,102,
EGGS_12,2025-03-27 00:00:00,56,57.325478,56,
EGGS_12,2025-03-27 01:00:00,67,52.604862,67,
EGGS_12,2025-03-27 02:00:00,54,56.41274,54,
EGGS_12,2025-03-27 03:00:00,74,56.856277,74,
EGGS_12,2025-03-27 04:00:00,68,67.707344,68,
EGGS_12,2025-03-27 05:00:00,68,70.3037,68,
EGGS_12,2025-03-27 06:00:00,68,74.124565,68,
EGGS_12,2025-03-27 07:00:00,78,81.42824,78,
EGGS_12,2025-03-27 08:00:00,84,88.17797,84,
EGGS_12,2025-03-27 09:00:00,91,90.895355,91,
EGGS_12,2025-03-27 10:00:00,82,92.18604,82,
EGGS_12,2025-03-27 11:00:00,96,81.51771,96,
EGGS_12,2025-03-27 12:00:00,81,79.35226,81,
EGGS_12,2025-03-27 13:00:00,74,75.09332,74,
EGGS_12,2025-03-27 14:00:00,67,83.38212,67,
EGGS_12,2025-03-27 15:00:00,69,74.153366,69,
EGGS_12,2025-03-27 16:00:00,64,80.57669,64,
EGGS_12,2025-03-27 17:00:00,100,87.33807,100,
EGGS_12,2025-03-27 18:00:00,86,100.319336,86,
EGGS_12,2025-03-27 19:00:00,93,99.740524,93,
EGGS_12,2025-03-27 20:00:00,115,107.23987,115,
EGGS_12,2025-03-27 21:00:00,104,105.153244,104,
EGGS_12,2025-03-27 22:00:00,96,97.567375,96,
EGGS_12,2025-03-27 23:00:00,88,90.99043,88,
EGGS_12,2025-03-28 00:00:00,62,56.455994,62,
EGGS_12,2025-03-28 01:00:00,57,60.800705,57,
EGGS_12,2025-03-28 02:00:00,45,53.08551,45,
EGGS_12,2025-03-28 03:00:00,64,58.81371,64,
EGGS_12,2025-03-28 04:00:00,66,61.20074,66,
EGGS_12,2025-03-28 05:00:00,82,61.609688,82,
EGGS_12,2025-03-28 06:00:00,68,77.196335,68,
EGGS_12,2025-03-28 07:00:00,80,78.81329,80,
EGGS_12,2025-03-28 08:00:00,93,88.48178,93,
EGGS_12,2025-03-28 09:00:00,85,91.468,85,
EGGS_12,2025-03-28 10:00:00,74,88.3788,74,
EGGS_12,2025-03-28 11:00:00,87,82.83026,87,
EGGS_12,2025-03-28 12:00:00,86,81.740524,86,
EGGS_12,2025-03-28 13:00:00,74,73.707886,74,
EGGS_12,2025-03-28 14:00:00,77,72.92228,77,
EGGS_12,2025-03-28 15:00:00,79,71.24159,79,
EGGS_12,2025-03-28 16:00:00,80,75.025734,80,
EGGS_12,2025-03-28 17:00:00,89,88.97281,89,
EGGS_12,2025-03-28 18:00:00,106,97.9111,106,
EGGS_12,2025-03-28 19:00:00,96,103.198586,96,
EGGS_12,2025-03-28 20:00:00,109,105.804474,109,
EGGS_12,2025-03-28 21:00:00,97,105.56144,97,
EGGS_12,2025-03-28 22:00:00,95,100.75856,95,
EGGS_12,2025-03-28 23:00:00,95,87.44402,95,
EGGS_12,2025-03-29 00:00:00,76,85.43504,76,
EGGS_12,2025-03-29 01:00:00,83,78.88203,83,
EGGS_12,2025-03-29 02:00:00,106,84.31153,106,
EGGS_12,2025-03-29 03:00:00,97,98.17983,97,
EGGS_12,2025-03-29 04:00:00,92,99.51553,92,
EGGS_12,2025-03-29 05:00:00,102,96.927216,102,
EGGS_12,2025-03-29 06:00:00,116,104.55735,116,
EGGS_12,2025-03-29 07:00:00,137,120.06894,137,
EGGS_12,2025-03-29 08:00:00,130,129.90886,130,
EGGS_12,2025-03-29 09:00:00,134,130.52617,134,
EGGS_12,2025-03-29 10:00:00,145,125.00186,145,
EGGS_12,2025-03-29 11:00:00,118,127.50877,118,
EGGS_12,2025-03-29 12:00:00,115,115.69265,115,
EGGS_12,2025-03-29 13:00:00,115,113.629395,115,
EGGS_12,2025-03-29 14:00:00,111,115.03167,111,
EGGS_12,2025-03-29 15:00:00,104,109.44315,104,
EGGS_12,2025-03-29 16:00:00,125,115.80025,125,
EGGS_12,2025-03-29 17:00:00,139,136.20596,139,
EGGS_12,2025-03-29 18:00:00,142,150.98727,142,
EGGS_12,2025-03-29 19:00:00,170,153.05084,170,
EGGS_12,2025-03-29 20:00:00,163,161.31807,163,
EGGS_12,2025-03-29 21:00:00,152,152.79376,152,
EGGS_12,2025-03-29 22:00:00,171,153.34186,171,
EGGS_12,2025-03-29 23:00:00,128,143.63005,128,
EGGS_12,2025-03-30 00:00:00,74,71.56211,74,
EGGS_12,2025-03-30 01:00:00,70,69.28422,70,
EGGS_12,2025-03-30 02:00:00,80,67.89428,80,
EGGS_12,2025-03-30 03:00:00,76,77.61599,76,
EGGS_12,2025-03-30 04:00:00,81,77.08862,81,
EGGS_12,2025-03-30 05:00:00,91,90.06915,91,
EGGS_12,2025-03-30 06:00:00,100,104.65634,100,
EGGS_12,2025-03-30 07:00:00,119,109.957565,119,
EGGS_12,2025-03-30 08:00:00,110,126.89574,110,
EGGS_12,2025-03-30 09:00:00,122,123.83247,122,
EGGS_12,2025-03-30 10:00:00,122,123.87589,122,
EGGS_12,2025-03-30 11:00:00,114,113.0804,114,
EGGS_12,2025-03-30 12:00:00,113,103.68096,113,
EGGS_12,2025-03-30 13:00:00,89,105.99147,89,
EGGS_12,2025-03-30 14:00:00,100,94.65506,100,
EGGS_12,2025-03-30 15:00:00,91,101.307686,91,
EGGS_12,2025-03-30 16:00:00,103,101.618454,103,
EGGS_12,2025-03-30 17:00:00,107,117.78245,107,
EGGS_12,2025-03-30 18:00:00,126,128.305,126,
EGGS_12,2025-03-30 19:00:00,131,136.53459,131,
EGGS_12,2025-03-30 20:00:00,153,142.47646,153,
EGGS_12,2025-03-30 21:00:00,138,139.79181,138,
EGGS_12,2025-03-30 22:00:00,132,129.30103,132,
EGGS_12,2025-03-30 23:00:00,107,115.02787,107,
EGGS_12,2025-03-31 00:00:00,72,67.58525,72,
EGGS_12,2025-03-31 01:00:00,79,70.898766,79,
EGGS_12,2025-03-31 02:00:00,76,71.565796,76,
EGGS_12,2025-03-31 03:00:00,62,72.24381,62,
EGGS_12,2025-03-31 04:00:00,74,70.063705,74,
EGGS_12,2025-03-31 05:00:00,88,81.25595,88,
EGGS_12,2025-03-31 06:00:00,88,93.69705,88,
EGGS_12,2025-03-31 07:00:00,119,101.99813,119,
EGGS_12,2025-03-31 08:00:00,106,115.35998,106,
EGGS_12,2025-03-31 09:00:00,112,108.10551,112,
EGGS_12,2025-03-31 10:00:00,106,115.41143,106,
EGGS_12,2025-03-31 11:00:00,105,102.80516,105,
EGGS_12,2025-03-31 12:00:00,106,95.484024,106,
EGGS_12,2025-03-31 13:00:00,91,94.10479,91,
EGGS_12,2025-03-31 14:00:00,86,85.161415,86,
EGGS_12,2025-03-31 15:00:00,83,89.3927,83,
EGGS_12,2025-03-31 16:00:00,106,95.77356,106,
EGGS_12,2025-03-31 17:00:00,106,104.48919,106,
EGGS_12,2025-03-31 18:00:00,115,119.223305,115,
EGGS_12,2025-03-31 19:00:00,108,122.17091,108,
EGGS_12,2025-03-31 20:00:00,126,127.11394,126,
EGGS_12,2025-03-31 21:00:00,121,127.1259,121,
EGGS_12,2025-03-31 22:00:00,102,115.66322,102,
EGGS_12,2025-03-31 23:00:00,112,97.80894,112,
MILK_1L,2025-03-15 09:00:00,155,156.31337,155,
MILK_1L,2025-03-15 10:00:00,160,155.76543,160,
MILK_1L,2025-03-15 11:00:00,148,150.5176,148,
MILK_1L,2025-03-15 12:00:00,138,143.61128,138,
MILK_1L,2025-03-15 13:00:00,127,139.90556,127,
MILK_1L,2025-03-15 14:00:00,134,130.16707,134,
MILK_1L,2025-03-15 15:00:00,131,143.33762,131,
MILK_1L,2025-03-15 16:00:00,147,142.28716,147,
MILK_1L,2025-03-15 17:00:00,162,155.6447,162,
MILK_1L,2025-03-15 18:00:00,177,175.85413,177,
MILK_1L,2025-03-15 19:00:00,175,179.71165,175,
MILK_1L,2025-03-15 20:00:00,191,179.46375,191,
MILK_1L,2025-03-15 21:00:00,180,182.90007,180,
MILK_1L,2025-03-15 22:00:00,186,165.34024,186,
MILK_1L,2025-03-15 23:00:00,152,163.76053,152,
MILK_1L,2025-03-16 00:00:00,110,99.640625,110,
MILK_1L,2025-03-16 01:00:00,107,102.3288,107,
MILK_1L,2025-03-16 02:00:00,107,106.89292,107,
MILK_1L,2025-03-16 03:00:00,109,107.29149,109,
MILK_1L,2025-03-16 04:00:00,122,105.23779,122,
MILK_1L,2025-03-16 05:00:00,135,125.4767,135,
MILK_1L,2025-03-16 06:00:00,155,143.58789,155,
MILK_1L,2025-03-16 07:00:00,162,162.92032,162,
MILK_1L,2025-03-16 08:00:00,166,164.90094,166,
MILK_1L,2025-03-16 09:00:00,171,163.20523,171,
MILK_1L,2025-03-16 10:00:00,171,172.86748,171,
MILK_1L,2025-03-16 11:00:00,178,168.03835,178,
MILK_1L,2025-03-16 12:00:00,150,163.76172,150,
MILK_1L,2025-03-16 13:00:00,149,138.3965,149,
MILK_1L,2025-03-16 14:00:00,141,136.76575,141,
MILK_1L,2025-03-16 15:00:00,143,141.06378,143,
MILK_1L,2025-03-16 16:00:00,150,143.58795,150,
MILK_1L,2025-03-16 17:00:00,161,161.35602,161,
MILK_1L,2025-03-16 18:00:00,182,188.7887,182,
MILK_1L,2025-03-16 19:00:00,207,194.11003,207,
MILK_1L,2025-03-16 20:00:00,200,195.84697,200,
MILK_1L,2025-03-16 21:00:00,202,193.06947,202,
MILK_1L,2025-03-16 22:00:00,191,184.66345,191,
MILK_1L,2025-03-16 23:00:00,161,173.13416,161,
MILK_1L,2025-03-17 00:00:00,98,93.88418,98,
MILK_1L,2025-03-17 01:00:00,96,102.50272,96,
MILK_1L,2025-03-17 02:00:00,90,101.24614,90,
MILK_1L,2025-03-17 03:00:00,101,99.20189,101,
MILK_1L,2025-03-17 04:00:00,116,106.67363,116,
MILK_1L,2025-03-17 05:00:00,117,116.815445,117,
MILK_1L,2025-03-17 06:00:00,130,126.723045,130,
MILK_1L,2025-03-17 07:00:00,146,146.8167,146,
MILK_1L,2025-03-17 08:00:00,169,154.03484,169,
MILK_1L,2025-03-17 09:00:00,148,162.45604,148,
MILK_1L,2025-03-17 10:00:00,166,157.23822,166,
MILK_1L,2025-03-17 11:00:00,147,153.32875,147,
MILK_1L,2025-03-17 12:00:00,133,135.72539,133,
MILK_1L,2025-03-17 13:00:00,127,124.22964,127,
MILK_1L,2025-03-17 14:00:00,130,121.61418,130,
MILK_1L,2025-03-17 15:00:00,134,128.43547,134,
MILK_1L,2025-03-17 16:00:00,139,134.97995,139,
MILK_1L,2025-03-17 17:00:00,160,149.06308,160,
MILK_1L,2025-03-17 18:00:00,176,170.82198,176,
MILK_1L,2025-03-17 19:00:00,183,172.93939,183,
MILK_1L,2025-03-17 20:00:00,179,182.02496,179,
MILK_1L,2025-03-17 21:00:00,179,162.21779,179,
MILK_1L,2025-03-17 22:00:00,167,157.25113,167,
MILK_1L,2025-03-17 23:00:00,143,145.6145,143,
MILK_1L,2025-03-18 00:00:00,81,92.959076,81,
MILK_1L,2025-03-18 01:00:00,78,87.03553,78,
MILK_1L,2025-03-18 02:00:00,94,87.54845,94,
MILK_1L,2025-03-18 03:00:00,102,97.28799,102,
MILK_1L,2025-03-18 04:00:00,98,107.77714,98,
MILK_1L,2025-03-18 05:00:00,125,110.55942,125,
MILK_1L,2025-03-18 06:00:00,130,122.377594,130,
MILK_1L,2025-03-18 07:00:00,150,138.13203,150,
MILK_1L,2025-03-18 08:00:00,153,150.20465,153,
MILK_1L,2025-03-18 09:00:00,154,152.80307,154,
MILK_1L,2025-03-18 10:00:00,153,146.46558,153,
MILK_1L,2025-03-18 11:00:00,150,144.99846,150,
MILK_1L,2025-03-18 12:00:00,129,136.24335,129,
MILK_1L,2025-03-18 13:00:00,115,123.294685,115,
MILK_1L,2025-03-18 14:00:00,121,110.379585,121,
MILK_1L,2025-03-18 15:00:00,118,126.77518,118,
MILK_1L,2025-03-18 16:00:00,141,129.05203,141,
MILK_1L,2025-03-18 17:00:00,144,148.5816,144,
MILK_1L,2025-03-18 18:00:00,172,160.28372,172,
MILK_1L,2025-03-18 19:00:00,157,175.12627,157,
MILK_1L,2025-03-18 20:00:00,177,168.17212,177,
MILK_1L,2025-03-18 21:00:00,185,158.93657,185,
MILK_1L,2025-03-18 22:00:00,153,159.71931,153,
MILK_1L,2025-03-18 23:00:00,143,139.00688,143,
MILK_1L,2025-03-19 00:00:00,82,84.75638,82,
MILK_1L,2025-03-19 01:00:00,80,77.43136,80,
MILK_1L,2025-03-19 02:00:00,89,83.769226,89,
MILK_1L,2025-03-19 03:00:00,82,93.87219,82,
MILK_1L,2025-03-19 04:00:00,97,93.731316,97,
MILK_1L,2025-03-19 05:00:00,113,97.552864,113,
MILK_1L,2025-03-19 06:00:00,116,111.7121,116,
MILK_1L,2025-03-19 07:00:00,123,130.15437,123,
MILK_1L,2025-03-19 08:00:00,145,140.21696,145,
MILK_1L,2025-03-19 09:00:00,146,135.48737,146,
MILK_1L,2025-03-19 10:00:00,131,131.96982,131,
MILK_1L,2025-03-19 11:00:00,123,128.41225,123,
MILK_1L,2025-03-19 12:00:00,115,122.46256,115,
MILK_1L,2025-03-19 13:00:00,119,113.89003,119,
MILK_1L,2025-03-19 14:00:00,113,109.843475,113,
MILK_1L,2025-03-19 15:00:00,119,111.54818,119,
MILK_1L,2025-03-19 16:00:00,121,125.997246,121,
MILK_1L,2025-03-19 17:00:00,130,135.00455,130,
MILK_1L,2025-03-19 18:00:00,155,148.16736,155,
MILK_1L,2025-03-19 19:00:00,153,150.17555,153,
MILK_1L,2025-03-19 20:00:00,163,160.92459,163,
MILK_1L,2025-03-19 21:00:00,146,152.653,146,
MILK_1L,2025-03-19 22:00:00,142,138.57172,142,
MILK_1L,2025-03-19 23:00:00,140,127.40824,140,
MILK_1L,2025-03-20 00:00:00,74,74.018234,74,
MILK_1L,2025-03-20 01:00:00,86,74.48505,86,
MILK_1L,2025-03-20 02:00:00,65,82.8134,65,
MILK_1L,2025-03-20 03:00:00,82,87.22044,82,
MILK_1L,2025-03-20 04:00:00,89,85.85092,89,
MILK_1L,2025-03-20 05:00:00,111,105.01722,111,
MILK_1L,2025-03-20 06:00:00,102,104.50009,102,
MILK_1L,2025-03-20 07:00:00,126,112.95971,126,
MILK_1L,2025-03-20 08:00:00,137,131.92593,137,
MILK_1L,2025-03-20 09:00:00,126,129.47195,126,
MILK_1L,2025-03-20 10:00:00,127,123.13525,127,
MILK_1L,2025-03-20 11:00:00,124,116.0889,124,
MILK_1L,2025-03-20 12:00:00,106,114.38774,106,
MILK_1L,2025-03-20 13:00:00,104,106.95201,104,
MILK_1L,2025-03-20 14:00:00,113,101.52431,113,
MILK_1L,2025-03-20 15:00:00,110,110.395325,110,
MILK_1L,2025-03-20 16:00:00,114,114.25616,114,
MILK_1L,2025-03-20 17:00:00,126,124.49757,126,
MILK_1L,2025-03-20 18:00:00,141,140.96658,141,
MILK_1L,2025-03-20 19:00:00,153,146.6827,153,
MILK_1L,2025-03-20 20:00:00,147,149.48865,147,
MILK_1L,2025-03-20 21:00:00,159,134.90002,159,
MILK_1L,2025-03-20 22:00:00,146,134.94225,146,
MILK_1L,2025-03-20 23:00:00,128,121.08379,128,
MILK_1L,2025-03-21 00:00:00,73,75.41029,73,
MILK_1L,2025-03-21 01:00:00,72,78.188286,72,
MILK_1L,2025-03-21 02:00:00,79,79.184395,79,
MILK_1L,2025-03-21 03:00:00,86,81.080574,86,
MILK_1L,2025-03-21 04:00:00,79,87.94384,79,
MILK_1L,2025-03-21 05:00:00,102,95.53547,102,
MILK_1L,2025-03-21 06:00:00,121,99.72959,121,
MILK_1L,2025-03-21 07:00:00,125,121.663475,125,
MILK_1L,2025-03-21 08:00:00,124,129.03838,124,
MILK_1L,2025-03-21 09:00:00,127,126.86411,127,
MILK_1L,2025-03-21 10:00:00,132,121.44357,132,
MILK_1L,2025-03-21 11:00:00,122,120.32372,122,
MILK_1L,2025-03-21 12:00:00,118,115.28761,118,
MILK_1L,2025-03-21 13:00:00,111,107.696945,111,
MILK_1L,2025-03-21 14:00:00,112,103.68236,112,
MILK_1L,2025-03-21 15:00:00,99,104.9682,99,
MILK_1L,2025-03-21 16:00:00,118,108.60866,118,
MILK_1L,2025-03-21 17:00:00,125,126.125786,125,
MILK_1L,2025-03-21 18:00:00,137,133.66508,137,
MILK_1L,2025-03-21 19:00:00,155,144.48396,155,
MILK_1L,2025-03-21 20:00:00,158,143.33806,158,
MILK_1L,2025-03-21 21:00:00,156,145.0918,156,
MILK_1L,2025-03-21 22:00:00,140,140.92238,140,
MILK_1L,2025-03-21 23:00:00,124,125.71205,124,
MILK_1L,2025-03-22 00:00:00,95,93.63326,95,
MILK_1L,2025-03-22 01:00:00,85,87.415955,85,
MILK_1L,2025-03-22 02:00:00,110,91.195885,110,
MILK_1L,2025-03-22 03:00:00,107,112.36694,107,
MILK_1L,2025-03-22 04:00:00,116,108.13489,116,
MILK_1L,2025-03-22 05:00:00,128,120.29174,128,
MILK_1L,2025-03-22 06:00:00,83,141.92133,83,
MILK_1L,2025-03-22 07:00:00,142,121.4579,142,
MILK_1L,2025-03-22 08:00:00,172,161.0254,172,
MILK_1L,2025-03-22 09:00:00,163,166.54657,163,
MILK_1L,2025-03-22 10:00:00,156,157.1074,156,
MILK_1L,2025-03-22 11:00:00,150,143.56769,150,
MILK_1L,2025-03-22 12:00:00,148,140.4518,148,
MILK_1L,2025-03-22 13:00:00,142,134.74036,142,
MILK_1L,2025-03-22 14:00:00,118,131.3803,118,
MILK_1L,2025-03-22 15:00:00,141,121.911026,141,
MILK_1L,2025-03-22 16:00:00,149,144.58131,149,
MILK_1L,2025-03-22 17:00:00,155,156.16876,155,
MILK_1L,2025-03-22 18:00:00,162,162.3454,162,
MILK_1L,2025-03-22 19:00:00,200,180.875,200,
MILK_1L,2025-03-22 20:00:00,194,192.23183,194,
MILK_1L,2025-03-22 21:00:00,170,185.43947,170,
MILK_1L,2025-03-22 22:00:00,167,163.55746,167,
MILK_1L,2025-03-22 23:00:00,181,152.86246,181,
MILK_1L,2025-03-23 00:00:00,106,101.56512,106,
MILK_1L,2025-03-23 01:00:00,102,105.592545,102,
MILK_1L,2025-03-23 02:00:00,102,103.953186,102,
MILK_1L,2025-03-23 03:00:00,126,105.31937,126,
MILK_1L,2025-03-23 04:00:00,128,117.12509,128,
MILK_1L,2025-03-23 05:00:00,141,131.24661,141,
MILK_1L,2025-03-23 06:00:00,158,146.6889,158,
MILK_1L,2025-03-23 07:00:00,170,163.57573,170,
MILK_1L,2025-03-23 08:00:00,167,170.03166,167,
MILK_1L,2025-03-23 09:00:00,178,164.35461,178,
MILK_1L,2025-03-23 10:00:00,175,171.26242,175,
MILK_1L,2025-03-23 11:00:00,175,169.02211,175,
MILK_1L,2025-03-23 12:00:00,154,162.43059,154,
MILK_1L,2025-03-23 13:00:00,100,141.7108,100,
MILK_1L,2025-03-23 14:00:00,140,116.825935,140,
MILK_1L,2025-03-23 15:00:00,131,139.84346,131,
MILK_1L,2025-03-23 16:00:00,137,144.80829,137,
MILK_1L,2025-03-23 17:00:00,175,157.68236,175,
MILK_1L,2025-03-23 18:00:00,182,184.90114,182,
MILK_1L,2025-03-23 19:00:00,195,189.91287,195,
MILK_1L,2025-03-23 20:00:00,207,195.77061,207,
MILK_1L,2025-03-23 21:00:00,205,192.12262,205,
MILK_1L,2025-03-23 22:00:00,186,182.20314,186,
MILK_1L,2025-03-23 23:00:00,179,165.14034,179,
MILK_1L,2025-03-24 00:00:00,99,95.933876,99,
MILK_1L,2025-03-24 01:00:00,98,100.03476,98,
MILK_1L,2025-03-24 02:00:00,101,101.33492,101,
MILK_1L,2025-03-24 03:00:00,95,105.61878,95,
MILK_1L,2025-03-24 04:00:00,117,104.80746,117,
MILK_1L,2025-03-24 05:00:00,103,113.7204,103,
MILK_1L,2025-03-24 06:00:00,130,122.70321,130,
MILK_1L,2025-03-24 07:00:00,146,144.05453,146,
MILK_1L,2025-03-24 08:00:00,152,150.38235,152,
MILK_1L,2025-03-24 09:00:00,157,152.45114,157,
MILK_1L,2025-03-24 10:00:00,169,153.59413,169,
MILK_1L,2025-03-24 11:00:00,157,156.61763,157,
MILK_1L,2025-03-24 12:00:00,134,137.0825,134,
MILK_1L,2025-03-24 13:00:00,128,121.18743,128,
MILK_1L,2025-03-24 14:00:00,118,122.45918,118,
MILK_1L,2025-03-24 15:00:00,138,127.870384,138,
MILK_1L,2025-03-24 16:00:00,138,134.55229,138,
MILK_1L,2025-03-24 17:00:00,140,152.93768,140,
MILK_1L,2025-03-24 18:00:00,172,162.58469,172,
MILK_1L,2025-03-24 19:00:00,184,176.55923,184,
MILK_1L,2025-03-24 20:00:00,190,175.83855,190,
MILK_1L,2025-03-24 21:00:00,179,174.43156,179,
MILK_1L,2025-03-24 22:00:00,163,159.6204,163,
MILK_1L,2025-03-24 23:00:00,164,143.86966,164,
MILK_1L,2025-03-25 00:00:00,92,90.44166,92,
MILK_1L,2025-03-25 01:00:00,98,87.46758,98,
MILK_1L,2025-03-25 02:00:00,92,98.11279,92,
MILK_1L,2025-03-25 03:00:00,105,94.60467,105,
MILK_1L,2025-03-25 04:00:00,96,103.37445,96,
MILK_1L,2025-03-25 05:00:00,114,104.21529,114,
MILK_1L,2025-03-25 06:00:00,121,126.38821,121,
MILK_1L,2025-03-25 07:00:00,140,141.78485,140,
MILK_1L,2025-03-25 08:00:00,160,148.9922,160,
MILK_1L,2025-03-25 09:00:00,151,154.93605,151,
MILK_1L,2025-03-25 10:00:00,166,155.64192,166,
MILK_1L,2025-03-25 11:00:00,155,148.67952,155,
MILK_1L,2025-03-25 12:00:00,139,134.7739,139,
MILK_1L,2025-03-25 13:00:00,132,117.46649,132,
MILK_1L,2025-03-25 14:00:00,126,112.49412,126,
MILK_1L,2025-03-25 15:00:00,127,126.454865,127,
MILK_1L,2025-03-25 16:00:00,139,134.82912,139,
MILK_1L,2025-03-25 17:00:00,161,144.32336,161,
MILK_1L,2025-03-25 18:00:00,159,171.84607,159,
MILK_1L,2025-03-25 19:00:00,167,166.53859,167,
MILK_1L,2025-03-25 20:00:00,169,172.95872,169,
MILK_1L,2025-03-25 21:00:00,181,172.24371,181,
MILK_1L,2025-03-25 22:00:00,170,151.97568,170,
MILK_1L,2025-03-25 23:00:00,141,147.99693,141,
MILK_1L,2025-03-26 00:00:00,70,84.34806,70,
MILK_1L,2025-03-26 01:00:00,82,83.277374,82,
MILK_1L,2025-03-26 02:00:00,92,83.123924,92,
MILK_1L,2025-03-26 03:00:00,91,88.310814,91,
MILK_1L,2025-03-26 04:00:00,100,99.200485,100,
MILK_1L,2025-03-26 05:00:00,105,102.21628,105,
MILK_1L,2025-03-26 06:00:00,126,107.90201,126,
MILK_1L,2025-03-26 07:00:00,133,126.94686,133,
MILK_1L,2025-03-26 08:00:00,145,144.19757,145,
MILK_1L,2025-03-26 09:00:00,145,141.56908,145,
MILK_1L,2025-03-26 10:00:00,144,139.08675,144,
MILK_1L,2025-03-26 11:00:00,142,135.9144,142,
MILK_1L,2025-03-26 12:00:00,123,129.48746,123,
MILK_1L,2025-03-26 13:00:00,119,117.37953,119,
MILK_1L,2025-03-26 14:00:00,118,108.80151,118,
MILK_1L,2025-03-26 15:00:00,124,116.558304,124,
MILK_1L,2025-03-26 16:00:00,129,127.70773,129,
MILK_1L,2025-03-26 17:00:00,131,140.93365,131,
MILK_1L,2025-03-26 18:00:00,152,156.55872,152,
MILK_1L,2025-03-26 19:00:00,157,156.73857,157,
MILK_1L,2025-03-26 20:00:00,165,161.00581,165,
MILK_1L,2025-03-26 21:00:00,157,158.89873,157,
MILK_1L,2025-03-26 22:00:00,142,155.40308,142,
MILK_1L,2025-03-26 23:00:00,127,138.39796,127,
MILK_1L,2025-03-27 00:00:00,64,79.87598,64,
MILK_1L,2025-03-27 01:00:00,58,83.84666,58,
MILK_1L,2025-03-27 02:00:00,80,78.792404,80,
MILK_1L,2025-03-27 03:00:00,102,87.40759,102,
MILK_1L,2025-03-27 04:00:00,105,100.35894,105,
MILK_1L,2025-03-27 05:00:00,95,101.77989,95,
MILK_1L,2025-03-27 06:00:00,112,107.494385,112,
MILK_1L,2025-03-27 07:00:00,111,125.364746,111,
MILK_1L,2025-03-27 08:00:00,123,132.01558,123,
MILK_1L,2025-03-27 09:00:00,126,128.81921,126,
MILK_1L,2025-03-27 10:00:00,130,121.4254,130,
MILK_1L,2025-03-27 11:00:00,126,126.93597,126,
MILK_1L,2025-03-27 12:00:00,118,117.6597,118,
MILK_1L,2025-03-27 13:00:00,111,106.00121,111,
MILK_1L,2025-03-27 14:00:00,107,108.70955,107,
MILK_1L,2025-03-27 15:00:00,108,108.30544,108,
MILK_1L,2025-03-27 16:00:00,108,116.00533,108,
MILK_1L,2025-03-27 17:00:00,119,123.539734,119,
MILK_1L,2025-03-27 18:00:00,129,133.84961,129,
MILK_1L,2025-03-27 19:00:00,154,140.62645,154,
MILK_1L,2025-03-27 20:00:00,151,148.4206,151,
MILK_1L,2025-03-27 21:00:00,134,139.19841,134,
MILK_1L,2025-03-27 22:00:00,138,132.35187,138,
MILK_1L,2025-03-27 23:00:00,116,122.677376,116,
MILK_1L,2025-03-28 00:00:00,91,75.82566,91,
MILK_1L,2025-03-28 01:00:00,78,79.229256,78,
MILK_1L,2025-03-28 02:00:00,87,72.78846,87,
MILK_1L,2025-03-28 03:00:00,93,87.0307,93,
MILK_1L,2025-03-28 04:00:00,85,89.52545,85,
MILK_1L,2025-03-28 05:00:00,108,97.93746,108,
MILK_1L,2025-03-28 06:00:00,115,111.91053,115,
MILK_1L,2025-03-28 07:00:00,125,125.021736,125,
MILK_1L,2025-03-28 08:00:00,134,125.860756,134,
MILK_1L,2025-03-28 09:00:00,124,132.72028,124,
MILK_1L,2025-03-28 10:00:00,135,121.93827,135,
MILK_1L,2025-03-28 11:00:00,122,126.77217,122,
MILK_1L,2025-03-28 12:00:00,118,116.37182,118,
MILK_1L,2025-03-28 13:00:00,115,110.99006,115,
MILK_1L,2025-03-28 14:00:00,111,103.65645,111,
MILK_1L,2025-03-28 15:00:00,113,105.88373,113,
MILK_1L,2025-03-28 16:00:00,121,109.75226,121,
MILK_1L,2025-03-28 17:00:00,132,129.33138,132,
MILK_1L,2025-03-28 18:00:00,151,139.97464,151,
MILK_1L,2025-03-28 19:00:00,149,149.8679,149,
MILK_1L,2025-03-28 20:00:00,152,147.99892,152,
MILK_1L,2025-03-28 21:00:00,160,150.36864,160,
MILK_1L,2025-03-28 22:00:00,143,148.25272,143,
MILK_1L,2025-03-28 23:00:00,117,125.4416,117,
MILK_1L,2025-03-29 00:00:00,127,114.92973,127,
MILK_1L,2025-03-29 01:00:00,122,117.6888,122,
MILK_1L,2025-03-29 02:00:00,122,123.24854,122,
MILK_1L,2025-03-29 03:00:00,135,121.2836,135,
MILK_1L,2025-03-29 04:00:00,151,133.84547,151,
MILK_1L,2025-03-29 05:00:00,116,158.83772,116,
MILK_1L,2025-03-29 06:00:00,178,131.50713,178,
MILK_1L,2025-03-29 07:00:00,169,183.36142,169,
MILK_1L,2025-03-29 08:00:00,196,182.99005,196,
MILK_1L,2025-03-29 09:00:00,218,200.5558,218,
MILK_1L,2025-03-29 10:00:00,202,211.93086,202,
MILK_1L,2025-03-29 11:00:00,190,188.09679,190,
MILK_1L,2025-03-29 12:00:00,182,182.23349,182,
MILK_1L,2025-03-29 13:00:00,156,173.3897,156,
MILK_1L,2025-03-29 14:00:00,163,149.95863,163,
MILK_1L,2025-03-29 15:00:00,165,169.0927,165,
MILK_1L,2025-03-29 16:00:00,191,179.33139,191,
MILK_1L,2025-03-29 17:00:00,188,202.5988,188,
MILK_1L,2025-03-29 18:00:00,210,200.49704,210,
MILK_1L,2025-03-29 19:00:00,224,220.15521,224,
MILK_1L,2025-03-29 20:00:00,227,219.70134,227,
MILK_1L,2025-03-29 21:00:00,239,223.8234,239,
MILK_1L,2025-03-29 22:00:00,232,205.93376,232,
MILK_1L,2025-03-29 23:00:00,187,195.4633,187,
MILK_1L,2025-03-30 00:00:00,102,115.53726,102,
MILK_1L,2025-03-30 01:00:00,103,101.285095,103,
MILK_1L,2025-03-30 02:00:00,106,99.673096,106,
MILK_1L,2025-03-30 03:00:00,106,112.440125,106,
MILK_1L,2025-03-30 04:00:00,121,113.78531,121,
MILK_1L,2025-03-30 05:00:00,132,127.94326,132,
MILK_1L,2025-03-30 06:00:00,146,140.51775,146,
MILK_1L,2025-03-30 07:00:00,163,156.40282,163,
MILK_1L,2025-03-30 08:00:00,175,161.47647,175,
MILK_1L,2025-03-30 09:00:00,174,167.71051,174,
MILK_1L,2025-03-30 10:00:00,175,164.29625,175,
MILK_1L,2025-03-30 11:00:00,182,169.09775,182,
MILK_1L,2025-03-30 12:00:00,169,162.01273,169,
MILK_1L,2025-03-30 13:00:00,137,141.1295,137,
MILK_1L,2025-03-30 14:00:00,133,136.40518,133,
MILK_1L,2025-03-30 15:00:00,137,133.94325,137,
MILK_1L,2025-03-30 16:00:00,162,136.54344,162,
MILK_1L,2025-03-30 17:00:00,167,169.23407,167,
MILK_1L,2025-03-30 18:00:00,188,179.27057,188,
MILK_1L,2025-03-30 19:00:00,211,189.14731,211,
MILK_1L,2025-03-30 20:00:00,206,210.08463,206,
MILK_1L,2025-03-30 21:00:00,203,192.66904,203,
MILK_1L,2025-03-30 22:00:00,192,182.2224,192,
MILK_1L,2025-03-30 23:00:00,163,174.66298,163,
MILK_1L,2025-03-31 00:00:00,104,93.783905,104,
MILK_1L,2025-03-31 01:00:00,92,98.291145,92,
MILK_1L,2025-03-31 02:00:00,112,101.18179,112,
MILK_1L,2025-03-31 03:00:00,99,98.10993,99,
MILK_1L,2025-03-31 04:00:00,108,103.03245,108,
MILK_1L,2025-03-31 05:00:00,119,108.95176,119,
MILK_1L,2025-03-31 06:00:00,127,121.28558,127,
MILK_1L,2025-03-31 07:00:00,145,139.24791,145,
MILK_1L,2025-03-31 08:00:00,142,154.78929,142,
MILK_1L,2025-03-31 09:00:00,161,156.56711,161,
MILK_1L,2025-03-31 10:00:00,157,152.45386,157,
MILK_1L,2025-03-31 11:00:00,156,152.59215,156,
MILK_1L,2025-03-31 12:00:00,144,142.37448,144,
MILK_1L,2025-03-31 13:00:00,127,128.29453,127,
MILK_1L,2025-03-31 14:00:00,125,116.9421,125,
MILK_1L,2025-03-31 15:00:00,130,127.821556,130,
MILK_1L,2025-03-31 16:00:00,153,134.2801,153,
MILK_1L,2025-03-31 17:00:00,151,154.16464,151,
MILK_1L,2025-03-31 18:00:00,165,163.06242,165,
MILK_1L,2025-03-31 19:00:00,172,179.82275,172,
MILK_1L,2025-03-31 20:00:00,174,181.04984,174,
MILK_1L,2025-03-31 21:00:00,183,170.28983,183,
MILK_1L,2025-03-31 22:00:00,169,160.68364,169,
MILK_1L,2025-03-31 23:00:00,161,151.77165,161,
